-- phpMyAdmin SQL Dump
-- version 5.2.1
-- https://www.phpmyadmin.net/
--
-- Gép: mysql.omega:3306
-- Létrehozás ideje: 2023. Nov 25. 07:53
-- Kiszolgáló verziója: 5.7.42-log
-- PHP verzió: 7.2.34-43+0~20230902.90+debian12~1.gbpc2a431

SET SQL_MODE = "NO_AUTO_VALUE_ON_ZERO";
START TRANSACTION;
SET time_zone = "+00:00";


/*!40101 SET @OLD_CHARACTER_SET_CLIENT=@@CHARACTER_SET_CLIENT */;
/*!40101 SET @OLD_CHARACTER_SET_RESULTS=@@CHARACTER_SET_RESULTS */;
/*!40101 SET @OLD_COLLATION_CONNECTION=@@COLLATION_CONNECTION */;
/*!40101 SET NAMES utf8mb4 */;

--
-- Adatbázis: `szoftverleltar_`
--
CREATE DATABASE IF NOT EXISTS `szoftverleltar_` DEFAULT CHARACTER SET utf8 COLLATE utf8_general_ci;
USE `szoftverleltar_`;

-- --------------------------------------------------------

--
-- Tábla szerkezet ehhez a táblához `comments`
--

CREATE TABLE `comments` (
  `id` int(11) NOT NULL,
  `user_id` int(11) NOT NULL,
  `post_id` int(11) DEFAULT NULL,
  `comment` varchar(5000) CHARACTER SET utf8mb4 COLLATE utf8mb4_hungarian_ci NOT NULL,
  `created_at` datetime NOT NULL DEFAULT CURRENT_TIMESTAMP
) ENGINE=InnoDB DEFAULT CHARSET=utf8mb4;

--
-- A tábla adatainak kiíratása `comments`
--

INSERT INTO `comments` (`id`, `user_id`, `post_id`, `comment`, `created_at`) VALUES
(0, 5, 0, 'Ha-ha, mĹąkszik!', '2023-10-15 21:55:39'),
(0, 1, 0, 'Nagyon kirĂĄly!', '2023-10-15 21:57:08');

-- --------------------------------------------------------

--
-- Tábla szerkezet ehhez a táblához `gep`
--

CREATE TABLE `gep` (
  `id` int(11) NOT NULL,
  `hely` varchar(32) COLLATE utf8_hungarian_ci NOT NULL,
  `tipus` varchar(32) COLLATE utf8_hungarian_ci NOT NULL,
  `ipcim` varchar(32) COLLATE utf8_hungarian_ci NOT NULL
) ENGINE=InnoDB DEFAULT CHARSET=utf8 COLLATE=utf8_hungarian_ci;

--
-- A tábla adatainak kiíratása `gep`
--

INSERT INTO `gep` (`id`, `hely`, `tipus`, `ipcim`) VALUES
(1, 'T403', 'asztali', '192.168.2.1\r'),
(2, 'T212', 'asztali', '192.168.2.2\r'),
(3, 'T302', 'asztali', '192.168.2.3\r'),
(4, 'T108', 'notebook', '192.168.1.1\r'),
(5, 'T301', 'asztali', '192.168.2.4\r'),
(6, 'T306', 'asztali', '192.168.2.5\r'),
(7, 'T209', 'notebook', '192.168.4.1\r'),
(8, 'T208', 'notebook', '192.168.4.2\r'),
(9, 'T110', 'notebook', '192.168.1.2\r'),
(10, 'T310', 'asztali', '192.168.2.6\r'),
(11, 'T207', 'asztali', '192.168.2.7\r'),
(12, 'T109', 'notebook', '192.168.1.3\r'),
(13, 'T104', 'asztali', '192.168.2.8\r'),
(14, 'T208', 'notebook', '192.168.4.3\r'),
(15, 'T106', 'notebook', '192.168.1.4\r'),
(16, 'T201', 'asztali', '192.168.2.9\r'),
(17, 'T309', 'asztali', '192.168.2.10\r'),
(18, 'T402', 'asztali', '192.168.2.11\r'),
(19, 'T404', 'asztali', '192.168.2.12\r'),
(20, 'T110', 'notebook', '192.168.1.5\r'),
(21, 'T107', 'asztali', '192.168.2.13\r'),
(22, 'T205', 'notebook', '192.168.1.6\r'),
(23, 'T010', 'asztali', '192.168.2.14\r'),
(24, 'T009', 'asztali', '192.168.2.15\r'),
(25, 'T001', 'notebook', '192.168.1.7\r'),
(26, 'T401', 'notebook', '192.168.1.8\r'),
(27, 'T305', 'asztali', '192.168.3.1\r'),
(28, 'T102', 'notebook', '192.168.1.9\r'),
(29, 'T208', 'notebook', '192.168.4.4\r'),
(30, 'T408', 'asztali', '192.168.2.16\r'),
(31, 'T007', 'asztali', '192.168.3.2\r'),
(32, 'T011', 'notebook', '192.168.1.10\r'),
(33, 'T004', 'asztali', '192.168.2.17\r'),
(34, 'T202', 'asztali', '192.168.2.18\r'),
(35, 'T006', 'asztali', '192.168.3.3\r'),
(36, 'T407', 'asztali', '192.168.2.19\r'),
(37, 'T304', 'notebook', '192.168.1.11\r'),
(38, 'T203', 'notebook', '192.168.1.12\r'),
(39, 'T105', 'asztali', '192.168.2.20\r'),
(40, 'T103', 'asztali', '192.168.2.21\r'),
(41, 'T003', 'notebook', '192.168.1.13\r'),
(42, 'T311', 'asztali', '192.168.2.22\r'),
(43, 'T007', 'asztali', '192.168.3.4\r'),
(44, 'T008', 'asztali', '192.168.2.23\r'),
(45, 'T206', 'asztali', '192.168.2.24\r'),
(46, 'T307', 'asztali', '192.168.2.25\r'),
(47, 'T106', 'notebook', '192.168.1.14\r'),
(48, 'T312', 'asztali', '192.168.2.26\r'),
(49, 'T308', 'notebook', '192.168.1.15\r'),
(50, 'T211', 'notebook', '192.168.1.16\r'),
(51, 'T406', 'asztali', '192.168.2.27\r'),
(52, 'T002', 'asztali', '192.168.2.28\r'),
(53, 'T012', 'asztali', '192.168.2.29\r'),
(54, 'T110', 'notebook', '192.168.1.17\r'),
(55, 'T102', 'notebook', '192.168.1.18\r'),
(56, 'T108', 'notebook', '192.168.1.19\r'),
(57, 'T303', 'asztali', '192.168.2.30\r'),
(58, 'T005', 'notebook', '192.168.1.20\r'),
(59, 'T006', 'asztali', '192.168.3.5\r'),
(60, 'T203', 'notebook', '192.168.1.21\r'),
(61, 'T111', 'asztali', '192.168.2.31\r'),
(62, 'T208', 'notebook', '192.168.4.5\r'),
(63, 'T106', 'notebook', '192.168.1.22\r'),
(64, 'T409', 'notebook', '192.168.1.23\r'),
(65, 'T005', 'notebook', '192.168.1.24\r'),
(66, 'T101', 'asztali', '192.168.2.32\r'),
(67, 'T005', 'notebook', '192.168.1.25\r'),
(68, 'T405', 'asztali', '192.168.2.33\r'),
(69, 'T305', 'asztali', '192.168.3.6\r'),
(70, 'T204', 'asztali', '192.168.2.34\r'),
(71, 'T112', 'notebook', '192.168.1.26\r'),
(72, 'T305', 'asztali', '192.168.3.7\r'),
(73, 'T003', 'notebook', '192.168.1.27\r'),
(74, 'T305', 'asztali', '192.168.3.8\r'),
(75, 'T210', 'asztali', '192.168.2.35\r'),
(76, 'T208', 'notebook', '192.168.4.6');

-- --------------------------------------------------------

--
-- Tábla szerkezet ehhez a táblához `posts`
--

CREATE TABLE `posts` (
  `id` int(11) NOT NULL,
  `user_id` int(11) NOT NULL,
  `title` varchar(255) CHARACTER SET utf8mb4 COLLATE utf8mb4_hungarian_ci NOT NULL,
  `body` text CHARACTER SET utf8mb4 COLLATE utf8mb4_hungarian_ci NOT NULL,
  `created_at` datetime NOT NULL DEFAULT CURRENT_TIMESTAMP
) ENGINE=InnoDB DEFAULT CHARSET=utf8mb4;

--
-- A tábla adatainak kiíratása `posts`
--

INSERT INTO `posts` (`id`, `user_id`, `title`, `body`, `created_at`) VALUES
(0, 1, 'Szörnyű, hogy mi történik a fiatalokkal az Instagramon', 'A Meta egyik korábbi dolgozója, az Instagram jólléti részlegét 2019 és 2021 között, a Facebook Protect and Care csapatát 2009 és 2015 vezető Arturo Bejar vallomást tett az amerikai Szenátus egyik albizottsága előtt. Elárulta, hogy a Meta tudott arról, hogy a fiatalokat zaklatják a Facebookon és az Instagramon, valamint további veszélyek és károk leselkednek rájuk – mégsem tettek semmit.\r\n\r\nA vallomásra annak kapcsán került sor, hogy a közösségi médiát és a fiatalok mentális egészségére gyakorolt hatását vizsgálják.\r\n\r\nBejar szerint itt az ideje, hogy a nyilvánosság és a szülők megértsék, valójában mekkora kárt okoznak ezek a „termékek”, és itt az idő, hogy a fiatalok jelenthessék és elnyomhassák az online zaklatást.\r\n\r\nAz USA-ban mindkét politikai oldal igyekszik elérni, hogy a közösségi platformok újabb eszközökkel védjék a gyerekeket online.\r\n\r\nBejar egyébként azon dolgozott a két nagy platformnál, hogy pozitívabb viselkedés felé terelje a felhasználókat, továbbá eszközöket adjon a fiataloknak a kellemetlen élmények kezeléséhez.\r\n\r\nA Meta közölte: elkötelezett a fiatalok online védelme kapcsán, ezt az álláspontját részletezte is állásfoglalásában.\r\n\r\nBejar rendszeresen találkozott egyébként a vezetőkkel, magával Zuckerberggel is: állítása szerint mind támogatóak voltak, de végül sosem akarták megoldani ezt a problémát. Bejar kiemelt egy 2021-es e-mailt, amit a vezetőknek küldött: ez alapján az instagramozók 51 százalékát érte rossz élmény az elmúlt 7 napban, a 13-15 évesek 24,4 százaléka kapott kéretlen szexuális ajánlatokat. A saját, 16 éves lányának igen kellemetlen tapasztalatait is részletezte a Szenátus előtt. Több más példában hangsúlyozta Bejar, hogy a Meta vezetői tudtak ezekről a gondokról, de nem tettek semmit a fiatalok védelméért.', '2023-11-09 19:14:24'),
(0, 1, 'Gyakorlattá vál(ha)t az egykori sci-fi.', 'Már a hazai logisztikai cégek is egyre nyitottabbak a korszerű technológiákra, köztük a mesterséges intelligencia alkalmazásokra. Önmagában a hardver és a szoftver megvásárlása azonban nem elegendő. Magas szintű szaktudás nélkül elmarad a várt eredmény.', '2023-11-09 19:18:53');

-- --------------------------------------------------------

--
-- Tábla szerkezet ehhez a táblához `szoftver`
--

CREATE TABLE `szoftver` (
  `id` int(11) NOT NULL,
  `nev` varchar(64) CHARACTER SET utf8mb4 COLLATE utf8mb4_hungarian_ci NOT NULL,
  `kategoria` varchar(64) CHARACTER SET utf8mb4 COLLATE utf8mb4_hungarian_ci NOT NULL
) ENGINE=InnoDB DEFAULT CHARSET=utf8 COLLATE=utf8_hungarian_ci;

--
-- A tábla adatainak kiíratása `szoftver`
--

INSERT INTO `szoftver` (`id`, `nev`, `kategoria`) VALUES
(1, 'AIR', 'plug-in\r'),
(2, 'FastStone Image Viewer', 'képkezelés\r'),
(5, 'InfraRecorder', 'DVD-írás\r'),
(7, 'PDF Split And Merge Basic', 'pdf-manipulálás\r'),
(9, 'CCleaner', 'gépkarbantartás\r'),
(11, 'Tracker', 'fizika oktatás\r'),
(12, 'Acrobat Reader', 'pdf-olvasás\r'),
(13, 'Multivox 4 Magyar szövegfelolvasó', 'szövegfelolvasó\r'),
(14, 'WinMerge', 'fájlösszehasonlítás\r'),
(15, 'Free Pascal', 'fejlesztő környezet\r'),
(17, 'Geany', 'editor\r'),
(18, 'Euler3D', 'matematika oktatás\r'),
(19, 'IrfanView', 'képkezelés\r'),
(20, 'Blender', 'modellezés\r'),
(21, 'Flash Player ActiveX', 'plug-in\r'),
(22, 'CDBurnerXP', 'DVD-írás\r'),
(23, 'Java SE Development Kit', 'fejlesztő környezet\r'),
(24, 'Flash Player PPAPI', 'plug-in\r'),
(25, 'SharePoint Designer 2007', 'webszerkesztés\r'),
(27, 'K-Lite Mega Codec Pack', 'médialejátszás\r'),
(28, 'Notepad++', 'editor\r'),
(29, 'PatchCleaner', 'gépkarbantartás\r'),
(30, 'Audacity', 'hangszerkesztés\r'),
(34, 'Java', 'plug-in\r'),
(35, 'Visual Studio 2013', 'fejlesztő környezet\r'),
(36, 'Greenshot', 'képernyőkép-készítés\r'),
(38, 'Lynx 4', 'interaktív tábla\r'),
(39, 'PuTTY', 'távoli terminál\r'),
(40, 'Google Föld', 'virtuális földgömb\r'),
(42, 'PDFCreator', 'pdf-generálás\r'),
(44, 'MuseScore', 'kottaírás\r'),
(45, 'Disk Drill', 'adathelyreállítás\r'),
(46, 'Flash Player NPAPI', 'plug-in\r'),
(48, 'Google Drive', 'online fájltárolás\r'),
(49, 'Google Earth', 'virtuális földgömb\r'),
(50, 'Filzip', 'tömörítés\r'),
(51, 'FreeCommander XE', 'fájlkezelés\r'),
(53, 'Reader', 'pdf-olvasás\r'),
(54, 'Wings 3D', 'modellezés\r'),
(55, 'Windows Live Essentials', 'alkalmazás gyűjtemény\r'),
(56, 'Imagine', 'fejlesztő környezet\r'),
(57, 'LibreOffice', 'irodai programcsomag\r'),
(58, 'Windows Live Messenger', 'azonnali üzenetküldés\r'),
(59, 'Scratch 2 Offline Editor', 'fejlesztő környezet\r'),
(60, 'Inkscape', 'vektorgarfikus szerkesztés\r'),
(61, 'Adafor', 'adminisztráció\r'),
(62, 'Skype', 'azonnali üzenetküldés\r'),
(63, 'Mozilla Firefox', 'böngészés\r'),
(64, 'Opera', 'böngészés\r'),
(65, 'Dev-C++', 'fejlesztő környezet\r'),
(66, 'NetBeans IDE', 'fejlesztő környezet\r'),
(67, 'Shockwave Player', 'plug-in\r'),
(68, 'Foxit Reader', 'pdf-olvasás\r'),
(69, 'Movie Maker', 'videószerkesztés\r'),
(70, 'Silverlight', 'plug-in\r'),
(71, 'KompoZer', 'webszerkesztés\r'),
(72, 'SMART Notebook Interactive Viewer', 'interaktív tábla\r'),
(73, 'Euklides', 'matematika oktatás\r'),
(74, 'paint.net', 'képszerkesztés\r'),
(75, 'WinSCP', 'távoli fájlhozzáférés\r'),
(76, 'SVG Viewer', 'plug-in\r'),
(78, 'VUE', 'gondolattérkép készítés\r'),
(79, 'mimio Studio', 'interaktív tábla\r'),
(80, 'Real Alternative', 'médialejátszás\r'),
(81, 'XnView', 'képkezelés\r'),
(82, 'Windows Live Movie Maker', 'videószerkesztés\r'),
(83, 'Picasa', 'képszerkesztés\r'),
(84, 'SMART Notebook', 'interaktív tábla\r'),
(85, 'Double Commander', 'fájlkezelés\r'),
(86, 'ImgBurn', 'DVD-írás\r'),
(87, 'Google Chrome', 'böngészés\r'),
(88, 'VLC media player', 'médialejátszás\r'),
(89, 'FileZilla Client', 'távoli fájlhozzáférés\r'),
(90, 'GeoGebra', 'matematika oktatás\r'),
(91, 'FFmpeg for Audacity', 'hangszerkesztés\r'),
(92, 'BS.Player FREE', 'médialejátszás\r'),
(94, 'Dia', 'diagramkészítés\r'),
(95, 'Visual Studio 2015', 'fejlesztő környezet\r'),
(96, 'Open-Sankoré', 'interaktív tábla\r'),
(97, 'GIMP', 'képszerkesztés\r'),
(99, 'Freeplane', 'gondolattérkép készítés\r'),
(101, 'Dropbox', 'online fájltárolás\r'),
(102, '7-Zip', 'tömörítés\r'),
(103, 'K-Lite Codec Pack', 'médialejátszás\r'),
(104, 'EclipseCrossword', 'keresztrejtvény készítés\r'),
(105, 'FreeMind', 'gondolattérkép készítés');

-- --------------------------------------------------------

--
-- Tábla szerkezet ehhez a táblához `telepites`
--

CREATE TABLE `telepites` (
  `gepid` int(11) NOT NULL,
  `szoftverid` varchar(64) COLLATE utf8_hungarian_ci NOT NULL,
  `verzio` varchar(64) COLLATE utf8_hungarian_ci NOT NULL,
  `datum` date NOT NULL
) ENGINE=InnoDB DEFAULT CHARSET=utf8 COLLATE=utf8_hungarian_ci;

--
-- A tábla adatainak kiíratása `telepites`
--

INSERT INTO `telepites` (`gepid`, `szoftverid`, `verzio`, `datum`) VALUES
(11, '102', 'ver16.04', '0000-00-00'),
(29, '102', 'ver16.04.00.0', '2016-12-06'),
(34, '5', 'ver0.53.00.00', '2013-08-30'),
(76, '39', 'ver0.67', '2016-04-25'),
(24, '19', 'ver4.42', '0000-00-00'),
(1, '55', 'ver15.4.3502.0922', '2011-07-21'),
(70, '87', 'ver55.0.2883.87', '2016-12-13'),
(3, '34', 'ver6.0.450', '2016-12-07'),
(49, '63', 'ver49.0.1', '0000-00-00'),
(21, '83', 'ver3.9.141.259', '0000-00-00'),
(31, '90', 'ver4.0.41.0', '2012-11-02'),
(34, '74', 'ver4.0.12', '2016-11-05'),
(2, '72', 'ver2.0.103.0', '2016-10-24'),
(34, '90', 'ver5.0.286.0', '2016-11-05'),
(13, '14', 'ver2.14.0', '2015-06-25'),
(14, '17', 'ver1.22', '0000-00-00'),
(76, '76', 'ver3.0', '0000-00-00'),
(50, '34', 'ver6.0.450', '2016-08-26'),
(16, '86', 'ver2.5.8.0', '2016-05-01'),
(73, '102', 'ver16.02', '0000-00-00'),
(66, '7', 'ver3.0.20.0', '2016-05-03'),
(12, '29', 'ver1.4.20', '2016-05-03'),
(74, '102', 'ver9.10', '0000-00-00'),
(29, '70', 'ver5.1.41212.0', '2016-01-26'),
(56, '81', 'ver2.39', '2016-11-23'),
(20, '42', 'ver2.4.1', '2016-12-05'),
(56, '48', 'ver1.32.4066.7445', '2016-12-15'),
(47, '30', 'ver2.1.2', '2016-04-24'),
(36, '63', 'ver50.0.2', '0000-00-00'),
(22, '57', 'ver5.2.3.3', '2016-11-30'),
(32, '30', 'ver2.1.2', '2016-11-03'),
(71, '22', 'ver4.5.7.6282', '2016-08-19'),
(10, '70', 'ver5.1.50901.0', '2016-10-12'),
(23, '12', 'ver15.020.20042', '2016-11-07'),
(66, '1', 'ver23.0.0.257', '2016-09-14'),
(13, '9', 'ver5.24', '0000-00-00'),
(14, '19', 'ver4.42', '0000-00-00'),
(33, '88', 'ver2.2.4', '0000-00-00'),
(12, '51', '', '2014-08-15'),
(70, '19', 'ver4.42', '0000-00-00'),
(22, '19', 'ver4.42', '0000-00-00'),
(54, '85', 'ver0.7.0', '2016-03-25'),
(40, '87', 'ver50.0.2661.75', '2016-04-19'),
(13, '64', 'ver41.0.2353.69', '0000-00-00'),
(41, '75', 'ver5.9.3', '2016-12-05'),
(74, '62', 'ver7.30.105', '2016-11-23'),
(63, '102', 'ver16.04', '0000-00-00'),
(52, '89', 'ver3.22.2.2', '0000-00-00'),
(21, '96', '', '2013-05-25'),
(14, '30', 'ver2.1.2', '2016-03-30'),
(43, '68', 'ver8.1.0.1013', '2016-11-12'),
(11, '63', 'ver50.1.0', '0000-00-00'),
(17, '38', 'ver4', '2011-11-16'),
(18, '88', 'ver2.2.4', '0000-00-00'),
(47, '88', 'ver2.2.4', '0000-00-00'),
(44, '30', 'ver2.1.0', '2015-06-24'),
(59, '39', 'ver0.67', '2016-04-13'),
(45, '89', 'ver3.23.0.2', '0000-00-00'),
(29, '30', 'ver2.0.5', '2014-08-30'),
(12, '12', 'ver15.020.20042', '2016-11-05'),
(58, '12', 'ver15.020.20042', '2016-11-07'),
(55, '30', 'ver2.1.2', '2016-04-11'),
(38, '68', 'ver8.1.1.1115', '2016-11-23'),
(14, '36', 'ver1.2.4.10', '2015-02-15'),
(28, '90', 'ver5.0.229.0', '2016-04-24'),
(62, '83', 'ver3.9.141.259', '0000-00-00'),
(45, '49', 'ver7.1.7.2606', '2016-10-21'),
(63, '34', 'ver8.0.1120.15', '2016-11-24'),
(58, '48', 'ver1.32.3889.0961', '2016-11-22'),
(4, '7', 'ver3.0.20.0', '2016-11-24'),
(36, '53', 'ver10.1.16', '2016-05-03'),
(32, '59', 'ver451', '0000-00-00'),
(22, '23', 'ver8.0.310.13', '2015-02-05'),
(54, '60', 'ver0.91', '2015-02-02'),
(32, '44', 'ver2.0.3', '2016-11-04'),
(38, '87', 'ver55.0.2883.87', '2016-12-15'),
(8, '7', 'ver2.2.2', '2013-05-16'),
(23, '80', 'ver2.0.2', '2012-11-02'),
(28, '1', 'ver23.0.0.257', '2016-09-15'),
(38, '102', 'ver16.04', '0000-00-00'),
(15, '48', 'ver1.32.4066.7445', '2016-12-13'),
(8, '88', 'ver2.2.4', '0000-00-00'),
(59, '87', 'ver55.0.2883.87', '2016-12-13'),
(67, '78', 'ver3.2.2', '0000-00-00'),
(40, '96', '', '2014-08-19'),
(53, '34', 'ver8.0.770.3', '2016-04-03'),
(11, '1', 'ver24.0.0.180', '2016-12-14'),
(52, '97', 'ver2.8.18', '2016-09-12'),
(45, '97', 'ver2.8.18', '2016-09-02'),
(24, '80', 'ver2.0.2', '2012-05-16'),
(28, '87', 'ver54.0.2840.99', '2016-11-05'),
(12, '34', 'ver8.0.1120.15', '2016-11-05'),
(76, '22', 'ver4.5.4.5306', '2015-02-15'),
(14, '85', 'ver0.5.4', '2013-05-16'),
(31, '102', 'ver16.04.00.0', '2016-11-07'),
(39, '94', '', '0000-00-00'),
(22, '17', 'ver1.23.1', '0000-00-00'),
(37, '21', 'ver18.0.0.366', '0000-00-00'),
(28, '85', 'ver0.5.7', '2014-02-22'),
(39, '66', 'ver7.2.1', '0000-00-00'),
(9, '21', 'ver24.0.0.186', '0000-00-00'),
(33, '29', 'ver1.4.20', '2016-08-21'),
(33, '5', 'ver0.53.00.00', '2013-08-29'),
(58, '57', 'ver5.2.3.3', '2016-11-22'),
(9, '67', 'ver12.2.5.195', '0000-00-00'),
(13, '48', 'ver1.32.3889.0961', '2016-12-06'),
(51, '21', 'ver24.0.0.186', '0000-00-00'),
(11, '20', 'ver2.78.1', '2016-11-03'),
(24, '46', 'ver24.0.0.186', '0000-00-00'),
(61, '75', 'ver5.9.2', '2016-11-05'),
(39, '21', 'ver24.0.0.186', '0000-00-00'),
(70, '70', 'ver5.1.50901.0', '2016-10-12'),
(54, '22', 'ver4.5.7.6389', '2016-11-05'),
(53, '70', 'ver5.1.41212.0', '2016-04-03'),
(15, '14', 'ver2.14.0', '2015-02-05'),
(22, '42', 'ver2.4.1', '2016-11-30'),
(39, '102', 'ver16.04', '0000-00-00'),
(44, '68', 'ver8.1.0.1013', '2016-11-12'),
(61, '64', 'ver41.0.2353.46', '0000-00-00'),
(73, '81', 'ver2.36', '2016-08-20'),
(24, '5', 'ver0.53.00.00', '2013-08-27'),
(45, '36', 'ver1.2.6.7', '2015-06-25'),
(12, '67', 'ver12.2.5.195', '0000-00-00'),
(71, '30', 'ver2.1.2', '2016-04-11'),
(20, '21', 'ver24.0.0.186', '0000-00-00'),
(15, '70', 'ver5.1.50901.0', '2016-10-12'),
(38, '7', 'ver3.0.20.0', '2016-11-24'),
(8, '5', 'ver0.53.00.00', '2013-05-16'),
(62, '67', 'ver12.2.5.195', '0000-00-00'),
(32, '13', 'ver1.16', '0000-00-00'),
(65, '102', 'ver16.02', '0000-00-00'),
(29, '54', 'ver1.5.4', '0000-00-00'),
(9, '78', 'ver3.2.2', '0000-00-00'),
(11, '7', 'ver3.0.20.0', '2016-11-04'),
(49, '56', 'ver2.0.0.372', '0000-00-00'),
(10, '1', 'ver23.0.0.257', '2016-10-10'),
(71, '21', 'ver24.0.0.186', '0000-00-00'),
(71, '48', 'ver1.32.3889.0961', '2016-11-22'),
(47, '1', 'ver23.0.0.257', '2016-09-20'),
(12, '103', 'ver12.3.5', '2016-08-19'),
(63, '103', 'ver12.6.0', '2016-11-23'),
(20, '28', 'ver7.2.2', '0000-00-00'),
(21, '63', 'ver50.0', '0000-00-00'),
(72, '63', 'ver50.1.0', '0000-00-00'),
(12, '60', 'ver0.91', '2015-03-08'),
(47, '57', 'ver5.2.0.4', '2016-08-19'),
(32, '22', 'ver4.5.7.6389', '2016-11-04'),
(49, '84', 'ver11.0.705.1', '2013-01-07'),
(24, '57', 'ver5.2.0.4', '2016-08-24'),
(21, '67', 'ver12.2.5.195', '0000-00-00'),
(34, '7', 'ver2.2.1', '0000-00-00'),
(22, '102', 'ver16.04.00.0', '2016-11-02'),
(32, '89', 'ver3.23.0.2', '0000-00-00'),
(32, '90', 'ver5.0.286.0', '2016-11-04'),
(41, '87', 'ver55.0.2883.87', '2016-12-13'),
(31, '88', 'ver2.2.4', '0000-00-00'),
(52, '14', 'ver2.14.0', '2015-06-25'),
(76, '28', 'ver7.2.2', '0000-00-00'),
(38, '90', 'ver5.0.286.0', '2016-11-23'),
(13, '30', 'ver2.1.0', '2015-06-25'),
(67, '103', 'ver12.3.5', '2016-08-21'),
(21, '88', 'ver2.2.4', '0000-00-00'),
(54, '48', 'ver1.32.4066.7445', '2016-12-12'),
(37, '68', 'ver3.1.3.1030', '0000-00-00'),
(39, '30', 'ver2.1.2', '2016-04-25'),
(73, '1', 'ver24.0.0.180', '2016-12-14'),
(3, '53', 'ver9.5.3', '2016-12-15'),
(22, '70', 'ver5.1.50901.0', '2016-10-12'),
(54, '39', 'ver0.67', '2016-03-25'),
(14, '70', 'ver5.1.50901.0', '2016-10-12'),
(47, '85', 'ver0.5.7', '2014-02-22'),
(32, '75', 'ver5.9.3', '2016-12-05'),
(40, '63', 'ver50.0', '0000-00-00'),
(61, '12', 'ver15.020.20042', '2016-11-05'),
(46, '9', 'ver5.22', '0000-00-00'),
(34, '97', 'ver2.8.18', '2016-08-19'),
(34, '78', 'ver3.2.2', '0000-00-00'),
(70, '60', 'ver0.91', '2016-08-26'),
(60, '102', 'ver16.04', '0000-00-00'),
(76, '64', 'ver41.0.2353.69', '0000-00-00'),
(17, '46', 'ver23.0.0.207', '0000-00-00'),
(12, '73', '', '0000-00-00'),
(8, '97', 'ver2.8.18', '2016-08-22'),
(20, '102', 'ver16.02', '0000-00-00'),
(31, '64', 'ver41.0.2353.69', '0000-00-00'),
(55, '29', 'ver1.4.20', '2016-04-25'),
(38, '75', 'ver5.9.3', '2016-12-15'),
(22, '74', 'ver4.0.10', '2016-08-19'),
(11, '21', 'ver24.0.0.186', '0000-00-00'),
(39, '28', 'ver7.2.2', '0000-00-00'),
(34, '87', 'ver54.0.2840.87', '2016-11-05'),
(9, '74', 'ver4.0.9', '2016-04-08'),
(15, '51', '', '2014-08-15'),
(63, '90', 'ver5.0.286.0', '2016-11-23'),
(15, '30', 'ver2.1.0', '2015-07-24'),
(29, '29', 'ver1.4.20', '2016-04-25'),
(54, '94', '', '0000-00-00'),
(23, '1', 'ver23.0.0.257', '2016-11-12'),
(53, '64', 'ver36.0.2130.46', '0000-00-00'),
(57, '53', 'ver10.1.16', '2016-05-24'),
(32, '21', 'ver23.0.0.207', '0000-00-00'),
(62, '42', 'ver2.4.0', '2016-11-06'),
(21, '21', 'ver23.0.0.207', '0000-00-00'),
(43, '46', 'ver24.0.0.186', '0000-00-00'),
(76, '17', 'ver1.22', '0000-00-00'),
(61, '9', 'ver5.23', '0000-00-00'),
(13, '39', 'ver0.67', '2016-04-10'),
(39, '39', 'ver0.67', '2016-04-25'),
(1, '21', 'ver23.0.0.207', '0000-00-00'),
(47, '21', 'ver23.0.0.207', '0000-00-00'),
(45, '68', 'ver8.0.2.805', '2016-09-11'),
(55, '21', 'ver23.0.0.207', '0000-00-00'),
(35, '87', 'ver55.0.2883.75', '2016-12-07'),
(73, '101', 'ver15.4.22', '0000-00-00'),
(45, '74', 'ver4.0.9', '2016-04-12'),
(53, '1', 'ver21.0.0.176', '2016-04-03'),
(31, '80', 'ver2.0.2', '2012-11-02'),
(24, '61', 'ver1516.1.0', '0000-00-00'),
(42, '56', 'ver2.0.0.372', '0000-00-00'),
(2, '38', 'ver4', '2016-10-24'),
(44, '63', 'ver50.1.0', '0000-00-00'),
(57, '84', 'ver10.8.364.0', '2011-11-28'),
(43, '14', 'ver2.14.0', '2013-08-26'),
(25, '7', 'ver3.0.20.0', '2016-11-24'),
(26, '29', 'ver1.4.20', '2016-11-11'),
(31, '87', 'ver55.0.2883.75', '2016-12-08'),
(7, '104', 'ver1.2.61', '2015-02-25'),
(70, '30', 'ver2.1.2', '2016-08-25'),
(67, '86', 'ver2.5.8.0', '2014-09-16'),
(4, '74', 'ver4.0.12', '2016-11-23'),
(70, '97', 'ver2.8.18', '2016-08-27'),
(68, '88', 'ver1.1.11', '0000-00-00'),
(66, '49', 'ver7.1.7.2606', '2016-11-22'),
(63, '87', 'ver54.0.2840.99', '2016-11-23'),
(55, '83', 'ver3.9.141.259', '0000-00-00'),
(56, '9', 'ver5.24', '0000-00-00'),
(21, '36', 'ver1.1.9.13', '2014-08-30'),
(31, '12', 'ver15.020.20042', '2016-11-07'),
(76, '30', 'ver2.1.2', '2016-04-25'),
(63, '67', 'ver12.2.5.195', '0000-00-00'),
(24, '68', 'ver8.0.2.805', '2016-08-24'),
(73, '67', 'ver12.2.5.195', '0000-00-00'),
(16, '9', 'ver5.24', '0000-00-00'),
(20, '81', 'ver2.36', '2016-08-19'),
(54, '97', 'ver2.8.18', '2016-08-19'),
(1, '9', 'ver5.24', '0000-00-00'),
(21, '54', 'ver1.4.1', '0000-00-00'),
(52, '22', 'ver4.5.7.6389', '2016-11-06'),
(62, '81', 'ver2.38', '2016-11-06'),
(59, '57', 'ver5.2.3.3', '2016-12-13'),
(23, '49', 'ver7.1.7.2606', '2016-11-23'),
(20, '83', 'ver3.9.141.259', '0000-00-00'),
(18, '46', 'ver23.0.0.205', '0000-00-00'),
(73, '12', 'ver15.020.20042', '2016-11-07'),
(33, '83', 'ver3.9.141.259', '0000-00-00'),
(55, '1', 'ver23.0.0.257', '2016-09-14'),
(71, '88', 'ver2.2.4', '0000-00-00'),
(12, '21', 'ver23.0.0.207', '0000-00-00'),
(9, '83', 'ver3.9.141.259', '0000-00-00'),
(62, '102', 'ver16.04', '0000-00-00'),
(54, '91', 'ver0.6.2', '2012-09-02'),
(65, '34', 'ver8.0.1010.13', '2016-09-08'),
(18, '50', 'ver3.0.6', '0000-00-00'),
(29, '86', 'ver2.5.8.0', '2014-08-30'),
(24, '61', 'ver1415.1.0', '0000-00-00'),
(14, '89', 'ver3.22.2.2', '0000-00-00'),
(50, '102', 'ver16.04', '0000-00-00'),
(29, '21', 'ver24.0.0.186', '0000-00-00'),
(63, '74', 'ver4.0.12', '2016-11-23'),
(63, '19', 'ver4.42', '0000-00-00'),
(39, '65', 'ver4.9.9.2', '0000-00-00'),
(34, '29', 'ver1.4.20', '2016-04-28'),
(54, '49', 'ver7.1.7.2606', '2016-11-05'),
(2, '44', 'ver1.0.0', '0000-00-00'),
(69, '88', 'ver2.2.4', '0000-00-00'),
(66, '36', 'ver1.2.8.12', '2016-05-01'),
(4, '81', 'ver2.39', '2016-11-23'),
(23, '64', 'ver41.0.2353.69', '0000-00-00'),
(62, '103', 'ver12.5.0', '2016-11-06'),
(40, '14', 'ver2.14.0', '2014-12-04'),
(70, '86', 'ver2.5.8.0', '2014-02-23'),
(36, '58', 'ver16.4.3528.0331', '2016-09-05'),
(10, '63', 'ver50.0.2', '0000-00-00'),
(43, '30', 'ver2.1.2', '2016-03-21'),
(62, '88', 'ver2.2.4', '0000-00-00'),
(59, '29', 'ver1.4.20', '2016-05-03'),
(23, '19', 'ver4.42', '0000-00-00'),
(33, '14', 'ver2.14.0', '2013-08-29'),
(1, '62', 'ver7.0.102', '2015-04-15'),
(19, '53', 'ver9.5.5', '2014-11-27'),
(35, '30', 'ver2.1.2', '2016-04-03'),
(76, '29', 'ver1.4.20', '2016-04-25'),
(34, '12', 'ver15.020.20042', '2016-11-07'),
(15, '22', 'ver4.5.7.6389', '2016-11-05'),
(56, '7', 'ver3.0.20.0', '2016-11-24'),
(76, '86', 'ver2.5.8.0', '2013-12-14'),
(56, '74', 'ver4.0.12', '2016-11-23'),
(61, '14', 'ver2.14.0', '2015-06-25'),
(11, '97', 'ver2.8.18', '2016-11-03'),
(8, '9', 'ver5.24', '0000-00-00'),
(25, '21', 'ver24.0.0.186', '0000-00-00'),
(4, '48', 'ver1.32.3889.0961', '2016-11-23'),
(17, '63', 'ver50.0.2', '0000-00-00'),
(2, '102', 'ver16.04', '0000-00-00'),
(21, '49', 'ver7.1.7.2606', '2016-11-05'),
(37, '50', 'ver3.0.6', '0000-00-00'),
(33, '67', 'ver12.2.5.195', '0000-00-00'),
(14, '64', 'ver12.15.1748', '0000-00-00'),
(4, '28', 'ver7.2.2', '0000-00-00'),
(53, '51', '', '2016-04-04'),
(11, '59', 'ver255', '2016-11-04'),
(8, '64', 'ver41.0.2353.69', '0000-00-00'),
(24, '48', 'ver1.32.3889.0961', '2016-11-28'),
(34, '102', 'ver16.02', '0000-00-00'),
(47, '12', 'ver15.020.20042', '2016-11-08'),
(31, '30', 'ver2.0.6', '2015-02-04'),
(5, '88', 'ver2.2.4', '0000-00-00'),
(29, '97', 'ver2.8.18', '2016-09-10'),
(15, '97', 'ver2.8.18', '2016-08-19'),
(56, '60', 'ver0.91', '2016-11-23'),
(8, '14', 'ver2.14.0', '2013-05-16'),
(41, '97', 'ver2.8.18', '2016-08-20'),
(34, '96', '', '2015-01-17'),
(59, '22', 'ver4.5.6.5844', '2015-09-12'),
(17, '21', 'ver23.0.0.207', '0000-00-00'),
(59, '30', 'ver2.1.2', '2016-03-22'),
(22, '28', 'ver7.2.2', '0000-00-00'),
(7, '2', 'ver5.1', '0000-00-00'),
(59, '36', 'ver1.2.8.12', '2015-12-07'),
(12, '46', 'ver23.0.0.207', '0000-00-00'),
(9, '63', 'ver50.1.0', '0000-00-00'),
(25, '78', 'ver3.3.1', '2016-11-24'),
(36, '44', 'ver1.0.0', '0000-00-00'),
(73, '39', 'ver0.67', '2016-04-23'),
(12, '74', 'ver4.0.10', '2016-08-19'),
(33, '19', 'ver4.42', '0000-00-00'),
(40, '74', 'ver4.0.12', '2016-09-18'),
(8, '29', 'ver1.4.20', '2016-04-25'),
(11, '103', 'ver12.5.0', '2016-11-03'),
(2, '1', 'ver24.0.0.180', '2016-12-14'),
(41, '83', 'ver3.9.141.259', '0000-00-00'),
(59, '67', 'ver12.2.5.195', '0000-00-00'),
(60, '60', 'ver0.91', '2016-11-23'),
(57, '9', 'ver5.24', '0000-00-00'),
(52, '74', 'ver4.0.12', '2016-11-06'),
(61, '38', 'ver4', '2015-07-14'),
(76, '96', '', '2013-12-14'),
(8, '49', 'ver7.1.7.2606', '2016-10-28'),
(31, '36', 'ver1.1.8.35', '2014-04-22'),
(55, '34', 'ver8.0.1120.15', '2016-11-07'),
(15, '34', 'ver8.0.1120.15', '2016-11-05'),
(34, '39', 'ver0.67', '2016-03-07'),
(37, '67', 'ver12.2.5.195', '0000-00-00'),
(67, '7', 'ver2.2.2', '2013-11-16'),
(23, '68', 'ver8.0.2.805', '2016-08-24'),
(54, '25', 'ver12.0.6612.1000', '2016-12-12'),
(66, '18', 'ver3.5.7', '0000-00-00'),
(67, '29', 'ver1.4.20', '2016-08-21'),
(14, '23', 'ver8.0.310.13', '2015-02-15'),
(70, '39', 'ver0.67', '2016-08-25'),
(20, '64', 'ver42.0.2393.85', '0000-00-00'),
(44, '39', 'ver0.67', '2016-04-11'),
(11, '39', 'ver0.67', '2016-11-03'),
(31, '60', 'ver0.91', '2015-02-05'),
(19, '87', 'ver55.0.2883.87', '2016-12-13'),
(1, '88', 'ver2.2.2', '0000-00-00'),
(35, '67', 'ver12.2.5.195', '0000-00-00'),
(8, '94', '', '0000-00-00'),
(61, '57', 'ver5.2.3.3', '2016-11-05'),
(39, '48', 'ver1.32.4066.7445', '2016-12-13'),
(33, '70', 'ver5.1.50428.0', '2016-08-21'),
(76, '85', 'ver0.5.7', '2013-12-14'),
(40, '89', 'ver3.21.0', '0000-00-00'),
(29, '42', 'ver2.3.2', '2016-09-10'),
(26, '68', 'ver7.1.5.425', '2015-06-16'),
(21, '23', 'ver8.0.250.18', '2014-11-06'),
(1, '82', 'ver15.4.3502.0922', '2011-07-21'),
(52, '57', 'ver5.2.3.3', '2016-11-06'),
(32, '39', 'ver0.67', '2016-11-03'),
(74, '56', 'ver2.0.0.372', '0000-00-00'),
(8, '85', 'ver0.5.4', '2013-05-16'),
(16, '36', 'ver1.2.8.12', '2016-05-01'),
(23, '90', 'ver5.0.268.0', '2016-08-24'),
(21, '64', 'ver41.0.2353.56', '0000-00-00'),
(71, '29', 'ver1.4.20', '2016-04-25'),
(73, '70', 'ver5.1.50901.0', '2016-10-13'),
(51, '53', 'ver9.5.5', '2013-10-11'),
(12, '39', 'ver0.67', '2016-03-20'),
(28, '64', 'ver41.0.2353.69', '0000-00-00'),
(11, '48', 'ver1.32.4066.7445', '2016-12-09'),
(31, '28', 'ver7.2.2', '0000-00-00'),
(32, '14', 'ver2.14.0', '2016-11-04'),
(4, '60', 'ver0.91', '2016-11-23'),
(31, '101', 'ver15.4.22', '0000-00-00'),
(22, '7', 'ver2.2.4', '2015-05-28'),
(15, '28', 'ver7.2.2', '0000-00-00'),
(46, '46', 'ver23.0.0.207', '0000-00-00'),
(76, '57', 'ver5.1.2.2', '2016-04-25'),
(29, '20', 'ver2.67a', '0000-00-00'),
(73, '14', 'ver2.14.0', '2015-02-16'),
(23, '46', 'ver23.0.0.207', '0000-00-00'),
(67, '48', 'ver1.32.3889.0961', '2016-11-22'),
(32, '94', '', '0000-00-00'),
(43, '19', 'ver4.42', '0000-00-00'),
(71, '102', 'ver16.02', '0000-00-00'),
(13, '28', 'ver7.2.2', '0000-00-00'),
(63, '39', 'ver0.67', '2016-11-23'),
(34, '64', 'ver12.16.1860', '0000-00-00'),
(68, '58', 'ver16.4.3528.0331', '2016-09-05'),
(6, '9', 'ver5.24', '0000-00-00'),
(8, '57', 'ver5.1.2.2', '2016-04-11'),
(62, '46', 'ver23.0.0.205', '0000-00-00'),
(16, '88', 'ver2.2.4', '0000-00-00'),
(16, '48', 'ver1.32.4066.7445', '2016-12-09'),
(59, '64', 'ver41.0.2353.69', '0000-00-00'),
(32, '56', 'ver2.0.0.372', '0000-00-00'),
(11, '57', 'ver5.2.2.2', '2016-11-03'),
(38, '97', 'ver2.8.18', '2016-11-23'),
(55, '9', 'ver5.24', '0000-00-00'),
(76, '65', 'ver4.9.9.2', '0000-00-00'),
(16, '102', 'ver16.04.00.0', '2016-11-03'),
(44, '36', 'ver1.2.6.7', '2015-06-24'),
(8, '74', 'ver4.0.9', '2016-03-21'),
(43, '34', 'ver8.0.1120.15', '2016-11-07'),
(33, '102', 'ver16.02', '0000-00-00'),
(44, '28', 'ver7.2.2', '0000-00-00'),
(76, '46', 'ver23.0.0.207', '0000-00-00'),
(54, '78', 'ver3.2.2', '0000-00-00'),
(43, '57', 'ver5.1.2.2', '2016-04-11'),
(30, '1', 'ver24.0.0.180', '2016-12-14'),
(31, '30', 'ver2.1.2', '2016-03-21'),
(67, '9', 'ver5.24', '0000-00-00'),
(10, '68', 'ver8.0.2.805', '2016-10-10'),
(12, '49', 'ver7.1.7.2606', '2016-11-05'),
(21, '44', 'ver1.0.0', '0000-00-00'),
(44, '22', 'ver4.5.5.5666', '2015-06-24'),
(64, '68', 'ver7.2.8.1124', '2016-01-15'),
(39, '17', 'ver1.22', '0000-00-00'),
(12, '68', 'ver8.0.2.805', '2016-08-19'),
(20, '12', 'ver15.020.20042', '2016-11-03'),
(34, '49', 'ver7.1.7.2606', '2016-10-31'),
(22, '12', 'ver15.020.20042', '2016-11-05'),
(9, '30', 'ver2.1.2', '2016-03-22'),
(32, '91', 'ver2.2.2', '2016-11-04'),
(24, '103', 'ver12.3.5', '2016-08-24'),
(25, '12', 'ver15.020.20042', '2016-11-24'),
(11, '94', '', '0000-00-00'),
(4, '1', 'ver24.0.0.180', '2016-12-14'),
(43, '85', 'ver0.5.3', '2012-06-24'),
(11, '25', 'ver12.0.6612.1000', '2016-11-24'),
(6, '34', 'ver8.0.1120.15', '2016-11-07'),
(57, '70', 'ver5.1.50709.0', '2016-12-09'),
(45, '88', 'ver2.2.4', '0000-00-00'),
(13, '5', 'ver0.53.00.00', '2015-06-25'),
(11, '49', 'ver7.1.7.2606', '2016-11-04'),
(76, '1', 'ver23.0.0.257', '2016-09-16'),
(67, '64', 'ver12.16.1860', '0000-00-00'),
(48, '12', 'ver15.020.20042', '2016-11-07'),
(14, '102', 'ver16.04', '0000-00-00'),
(41, '14', 'ver2.14.0', '2014-11-24'),
(5, '21', 'ver18.0.0.375', '0000-00-00'),
(49, '34', 'ver8.0.1110.14', '2016-12-07'),
(45, '42', 'ver2.4.1', '2016-12-02'),
(35, '75', 'ver5.9.2', '2016-09-20'),
(60, '103', 'ver12.6.0', '2016-11-23'),
(54, '54', 'ver1.5.4', '0000-00-00'),
(41, '103', 'ver12.3.5', '2016-08-20'),
(38, '9', 'ver5.25', '0000-00-00'),
(36, '84', 'ver10.7.144.0', '2012-02-17'),
(70, '68', 'ver8.1.0.1013', '2016-11-05'),
(6, '63', 'ver50.1.0', '0000-00-00'),
(63, '48', 'ver1.32.4066.7445', '2016-12-13'),
(23, '48', 'ver1.32.3889.0961', '2016-11-22'),
(43, '42', 'ver2.4.0', '2016-11-07'),
(24, '85', 'ver0.5.3', '2012-05-16'),
(14, '49', 'ver7.1.7.2606', '2016-11-06'),
(33, '28', 'ver7.2.2', '0000-00-00'),
(15, '89', 'ver3.23.0.2', '0000-00-00'),
(29, '28', 'ver7.2', '0000-00-00'),
(28, '48', 'ver1.32.3889.0961', '2016-11-22'),
(14, '12', 'ver15.020.20039', '2016-10-21'),
(71, '5', 'ver0.53.00.00', '2013-04-09'),
(68, '38', 'ver4', '2011-11-15'),
(15, '81', 'ver2.36', '2016-08-19'),
(15, '102', 'ver16.02', '0000-00-00'),
(70, '75', 'ver5.9.3', '2016-12-05'),
(70, '48', 'ver1.32.3889.0961', '2016-12-05'),
(24, '83', 'ver3.9.141.259', '0000-00-00'),
(51, '55', 'ver16.4.3528.0331', '2016-09-01'),
(54, '5', 'ver0.53.00.00', '2012-09-02'),
(46, '68', 'ver6.2.1.618', '2014-09-03'),
(56, '67', 'ver12.2.5.195', '0000-00-00'),
(34, '102', 'ver16.04.00.0', '2016-10-31'),
(25, '48', 'ver1.32.3889.0961', '2016-11-23'),
(60, '68', 'ver8.1.1.1115', '2016-11-23'),
(73, '68', 'ver8.0.2.805', '2016-08-20'),
(67, '36', 'ver1.2.4.10', '2015-02-14'),
(44, '87', 'ver55.0.2883.87', '2016-12-13'),
(5, '63', 'ver50.0.2', '0000-00-00'),
(57, '73', '', '0000-00-00'),
(39, '25', 'ver12.0.6612.1000', '2016-04-13'),
(63, '88', 'ver2.2.4', '0000-00-00'),
(24, '7', 'ver2.2.1', '0000-00-00'),
(32, '46', 'ver23.0.0.207', '0000-00-00'),
(76, '5', 'ver0.53.00.00', '2013-05-16'),
(33, '81', 'ver2.36', '2016-08-21'),
(34, '19', 'ver4.42', '0000-00-00'),
(30, '88', 'ver2.2.4', '0000-00-00'),
(32, '64', 'ver41.0.2353.69', '0000-00-00'),
(62, '12', 'ver15.020.20039', '2016-10-21'),
(56, '88', 'ver2.2.4', '0000-00-00'),
(18, '63', 'ver50.0.2', '0000-00-00'),
(25, '87', 'ver54.0.2840.99', '2016-11-23'),
(10, '46', 'ver23.0.0.207', '0000-00-00'),
(4, '103', 'ver12.6.0', '2016-11-23'),
(39, '49', 'ver7.1.7.2606', '2016-10-28'),
(5, '68', 'ver5.1.3.1201', '2012-05-18'),
(16, '5', '', '0000-00-00'),
(67, '70', 'ver5.1.50901.0', '2016-10-12'),
(38, '78', 'ver3.3.1', '2016-11-24'),
(62, '17', 'ver1.22', '0000-00-00'),
(51, '63', 'ver50.1.0', '0000-00-00'),
(51, '70', 'ver5.1.50901.0', '2016-10-12'),
(62, '19', 'ver4.42', '0000-00-00'),
(21, '20', 'ver2.67a', '0000-00-00'),
(21, '89', 'ver3.22.2.2', '0000-00-00'),
(44, '34', 'ver8.0.1120.15', '2016-11-07'),
(54, '66', 'ver8.0', '0000-00-00'),
(54, '76', 'ver3.0', '0000-00-00'),
(76, '21', 'ver23.0.0.207', '0000-00-00'),
(74, '63', 'ver50.1.0', '0000-00-00'),
(11, '54', 'ver1.5.4', '0000-00-00'),
(24, '9', 'ver5.23', '0000-00-00'),
(32, '17', 'ver1.28', '0000-00-00'),
(20, '44', 'ver1.0.0', '0000-00-00'),
(34, '88', 'ver2.2.4', '0000-00-00'),
(11, '88', 'ver2.2.4', '0000-00-00'),
(35, '81', 'ver2.35', '2016-04-03'),
(1, '58', 'ver15.4.3502.0922', '2011-11-15'),
(4, '102', 'ver16.04', '0000-00-00'),
(58, '75', 'ver5.9.3', '2016-12-05'),
(12, '28', 'ver7.2.2', '0000-00-00'),
(4, '46', 'ver24.0.0.186', '0000-00-00'),
(16, '30', 'ver2.1.2', '2016-05-01'),
(17, '88', 'ver2.2.4', '0000-00-00'),
(35, '1', 'ver23.0.0.257', '2016-09-14'),
(39, '85', 'ver0.5.4', '2012-09-02'),
(66, '102', 'ver15.14', '0000-00-00'),
(6, '88', 'ver2.2.4', '0000-00-00'),
(58, '1', 'ver23.0.0.257', '2016-09-16'),
(28, '81', 'ver2.36', '2016-08-19'),
(22, '34', 'ver8.0.1120.15', '2016-11-02'),
(55, '74', 'ver4.0.9', '2016-01-17'),
(70, '36', 'ver1.1.7.17', '2014-02-23'),
(29, '1', 'ver23.0.0.257', '2016-10-10'),
(76, '102', 'ver16.04.00.0', '2016-11-06'),
(23, '78', 'ver3.2.2', '0000-00-00'),
(62, '1', 'ver23.0.0.257', '2016-09-21'),
(54, '36', 'ver1.2.8.12', '2016-03-29'),
(1, '55', 'ver15.4.3508.1109', '0000-00-00'),
(72, '88', 'ver2.2.4', '0000-00-00'),
(28, '68', 'ver8.0.2.805', '2016-08-19'),
(17, '2', 'ver5.1', '0000-00-00'),
(25, '29', 'ver1.4.20', '2016-11-24'),
(70, '83', 'ver3.9.141.259', '0000-00-00'),
(20, '63', 'ver50.1.0', '0000-00-00'),
(13, '60', 'ver0.91', '2015-06-25'),
(43, '97', 'ver2.8.18', '2016-08-01'),
(73, '75', 'ver5.9.2', '2016-09-29'),
(50, '56', 'ver2.0.0.372', '0000-00-00'),
(76, '70', 'ver5.1.41212.0', '2016-01-15'),
(68, '82', 'ver15.4.3502.0922', '2011-07-21'),
(24, '12', 'ver15.020.20042', '2016-11-07'),
(54, '83', 'ver3.9.141.259', '0000-00-00'),
(62, '68', 'ver8.1.0.1013', '2016-11-06'),
(20, '30', 'ver2.1.2', '2016-03-31'),
(40, '81', 'ver2.36', '2016-05-03'),
(24, '14', 'ver2.14.0', '2013-08-27'),
(61, '81', 'ver2.38', '2016-11-05'),
(39, '64', 'ver42.0.2393.85', '0000-00-00'),
(55, '103', 'ver12.0.5', '2016-04-11'),
(31, '91', 'ver0.6.2', '2012-11-02'),
(58, '14', 'ver2.14.0', '2015-02-14'),
(44, '19', 'ver4.42', '0000-00-00'),
(22, '30', 'ver2.1.0', '2015-03-30'),
(32, '7', 'ver3.0.20.0', '2016-11-04'),
(14, '60', 'ver0.91', '2015-02-15'),
(12, '83', 'ver3.9.141.259', '0000-00-00'),
(8, '86', 'ver2.5.8.0', '2014-08-23'),
(41, '9', 'ver5.24', '0000-00-00'),
(70, '30', 'ver2.0.5', '2014-02-23'),
(58, '28', 'ver7.2.2', '0000-00-00'),
(39, '87', 'ver55.0.2883.87', '2016-12-13'),
(26, '102', 'ver9.10', '0000-00-00'),
(71, '103', 'ver12.3.5', '2016-08-19'),
(4, '64', 'ver42.0.2393.85', '0000-00-00'),
(54, '22', 'ver4.5.7.6452', '2016-12-12'),
(32, '78', 'ver3.3.1', '2016-11-04'),
(14, '23', 'ver1.7.0.210', '2013-05-16'),
(21, '46', 'ver23.0.0.207', '0000-00-00'),
(43, '9', 'ver5.24', '0000-00-00'),
(13, '23', 'ver8.0.450.14', '2015-06-25'),
(44, '29', 'ver1.4.20', '2016-04-25'),
(68, '44', 'ver1.0.0', '0000-00-00'),
(33, '85', 'ver0.5.7', '2013-12-09'),
(68, '55', 'ver15.4.3502.0922', '2011-07-21'),
(61, '74', 'ver4.0.12', '2016-11-05'),
(39, '57', 'ver5.1.2.2', '2016-04-25'),
(40, '44', 'ver1.0.0', '0000-00-00'),
(47, '44', 'ver1.0.0', '0000-00-00'),
(45, '60', 'ver0.91', '2015-06-25'),
(24, '39', 'ver0.67', '2016-04-27'),
(40, '30', 'ver2.1.2', '2016-05-03'),
(54, '29', 'ver1.4.20', '2016-08-20'),
(47, '60', 'ver0.91', '2015-02-05'),
(4, '42', 'ver2.4.1', '2016-11-23'),
(29, '83', 'ver3.9.141.259', '0000-00-00'),
(35, '68', 'ver7.3.4.311', '2016-04-03'),
(58, '74', 'ver4.0.10', '2016-09-02'),
(11, '19', 'ver4.42', '0000-00-00'),
(31, '102', 'ver16.02', '0000-00-00'),
(43, '86', 'ver2.5.8.0', '2015-02-03'),
(74, '2', 'ver4.9', '0000-00-00'),
(47, '5', '', '0000-00-00'),
(36, '55', 'ver16.4.3528.0331', '2016-09-05'),
(24, '89', 'ver3.23.0.2', '0000-00-00'),
(50, '67', 'ver12.2.5.195', '0000-00-00'),
(45, '39', 'ver0.67', '2016-04-12'),
(63, '89', 'ver3.22.2.2', '0000-00-00'),
(65, '63', 'ver48.0.2', '0000-00-00'),
(36, '104', 'ver1.2.57', '2012-03-02'),
(62, '75', 'ver5.9.2', '2016-09-21'),
(15, '30', 'ver2.1.2', '2016-04-24'),
(9, '99', 'ver1.3.11', '2014-10-28'),
(60, '24', 'ver23.0.0.207', '0000-00-00'),
(61, '89', 'ver3.22.2.2', '0000-00-00'),
(41, '64', 'ver41.0.2353.69', '0000-00-00'),
(54, '88', 'ver2.2.4', '0000-00-00'),
(2, '88', 'ver2.2.4', '0000-00-00'),
(39, '80', 'ver2.0.2', '2012-09-02'),
(39, '73', '', '0000-00-00'),
(11, '29', 'ver1.4.20', '2016-11-03'),
(13, '67', 'ver12.2.5.195', '0000-00-00'),
(56, '78', 'ver3.3.1', '2016-11-24'),
(24, '49', 'ver7.1.7.2606', '2016-11-07'),
(23, '14', 'ver2.14.0', '2013-09-03'),
(24, '63', 'ver50.1.0', '0000-00-00'),
(15, '86', 'ver2.5.8.0', '2014-02-07'),
(30, '92', 'ver2.58.1058', '0000-00-00'),
(12, '63', 'ver50.0.2', '0000-00-00'),
(11, '17', 'ver1.28', '0000-00-00'),
(50, '63', 'ver50.0.2', '0000-00-00'),
(20, '36', 'ver1.2.6.7', '2015-08-10'),
(57, '38', 'ver4', '2011-11-15'),
(53, '39', 'ver0.67', '2016-04-03'),
(65, '30', 'ver2.1.2', '2016-09-08'),
(58, '29', 'ver1.4.20', '2016-09-02'),
(73, '96', '', '2014-02-07'),
(23, '83', 'ver3.9.141.259', '0000-00-00'),
(12, '81', 'ver2.36', '2016-05-03'),
(40, '19', 'ver4.42', '0000-00-00'),
(13, '88', 'ver2.2.4', '0000-00-00'),
(16, '87', 'ver55.0.2883.87', '2016-12-13'),
(2, '34', 'ver8.0.1120.15', '2016-11-10'),
(41, '70', 'ver5.1.50901.0', '2016-10-12'),
(61, '1', 'ver23.0.0.257', '2016-11-05'),
(36, '34', 'ver7.0.800', '2016-09-23'),
(47, '28', 'ver7.2.2', '0000-00-00'),
(23, '103', 'ver12.3.5', '2016-08-24'),
(53, '89', 'ver3.16.1', '0000-00-00'),
(35, '28', 'ver7.2.2', '0000-00-00'),
(29, '30', 'ver2.1.2', '2016-04-13'),
(22, '36', 'ver1.1.9.13', '2014-08-08'),
(44, '67', 'ver12.2.5.195', '0000-00-00'),
(39, '78', 'ver3.2.2', '0000-00-00'),
(14, '23', 'ver1.7.0.670', '2014-10-09'),
(39, '89', 'ver3.23.0.2', '0000-00-00'),
(34, '34', 'ver6.0.450', '2016-03-22'),
(35, '88', 'ver2.2.4', '0000-00-00'),
(42, '68', 'ver5.4.3.920', '2012-10-16'),
(27, '53', 'ver10.1.16', '2016-09-07'),
(61, '102', 'ver16.04.00.0', '2016-11-05'),
(61, '23', 'ver8.0.450.14', '2015-06-25'),
(52, '5', 'ver0.53.00.00', '2015-06-25'),
(23, '22', 'ver4.5.7.6282', '2016-08-24'),
(55, '67', 'ver12.2.5.195', '0000-00-00'),
(39, '46', 'ver24.0.0.186', '0000-00-00'),
(20, '38', 'ver4', '2014-03-18'),
(73, '42', 'ver2.3.2', '2016-08-20'),
(73, '83', 'ver3.9.141.259', '0000-00-00'),
(15, '103', 'ver12.3.5', '2016-08-19'),
(25, '1', 'ver23.0.0.257', '2016-11-23'),
(44, '1', 'ver24.0.0.180', '2016-12-14'),
(8, '36', 'ver1.2.4.10', '2015-02-15'),
(34, '60', 'ver0.91', '2015-02-08'),
(59, '63', 'ver50.0.2', '0000-00-00'),
(13, '81', 'ver2.36', '2016-05-17'),
(37, '1', 'ver23.0.0.257', '2016-09-14'),
(22, '64', 'ver42.0.2393.85', '0000-00-00'),
(54, '1', 'ver23.0.0.257', '2016-09-14'),
(58, '34', 'ver8.0.1120.15', '2016-11-07'),
(14, '64', 'ver41.0.2353.46', '0000-00-00'),
(73, '89', 'ver3.23.0.2', '0000-00-00'),
(67, '88', 'ver2.2.4', '0000-00-00'),
(59, '103', 'ver12.7.0', '2016-12-13'),
(39, '36', 'ver1.1.9.13', '2014-08-16'),
(55, '36', 'ver1.2.6.7', '2015-08-23'),
(14, '34', 'ver7.0.670', '2014-10-09'),
(35, '39', 'ver0.67', '2016-04-03'),
(8, '70', 'ver5.1.41212.0', '2016-01-15'),
(1, '46', 'ver23.0.0.207', '0000-00-00'),
(53, '12', 'ver15.010.20060', '2016-04-03'),
(66, '97', 'ver2.8.18', '2016-08-25'),
(32, '11', 'ver4.94', '0000-00-00'),
(11, '56', 'ver2.0.0.372', '0000-00-00'),
(48, '62', 'ver7.28.101', '2016-09-24'),
(31, '48', 'ver1.32.4066.7445', '2016-12-12'),
(39, '54', 'ver1.4.1', '0000-00-00'),
(22, '34', 'ver6.0.310', '2012-04-16'),
(47, '36', 'ver1.2.6.7', '2015-07-24'),
(67, '64', 'ver42.0.2393.85', '0000-00-00'),
(43, '7', 'ver2.2.1', '0000-00-00'),
(40, '28', 'ver6.9.2', '0000-00-00'),
(25, '63', 'ver50.0', '0000-00-00'),
(61, '83', 'ver3.9.141.259', '0000-00-00'),
(15, '64', 'ver42.0.2393.85', '0000-00-00'),
(56, '102', 'ver16.04', '0000-00-00'),
(1, '57', 'ver5.1.5.2', '2016-09-22'),
(73, '21', 'ver24.0.0.186', '0000-00-00'),
(40, '22', 'ver4.5.7.6321', '2016-09-18'),
(73, '30', 'ver2.1.2', '2016-04-23'),
(15, '29', 'ver1.4.20', '2016-04-24'),
(66, '74', 'ver4.0.9', '2016-05-01'),
(51, '76', 'ver3.0', '0000-00-00'),
(11, '86', 'ver2.5.8.0', '2016-11-04'),
(34, '38', 'ver4', '2011-11-27'),
(76, '34', 'ver8.0.1120.15', '2016-11-06'),
(62, '70', 'ver5.1.50901.0', '2016-10-12'),
(17, '76', 'ver3.0', '0000-00-00'),
(65, '103', 'ver12.3.5', '2016-09-08'),
(17, '27', 'ver6.7.0', '2011-08-09'),
(29, '67', 'ver12.2.5.195', '0000-00-00'),
(45, '22', 'ver4.5.7.6452', '2016-12-02'),
(70, '42', 'ver2.4.1', '2016-12-05'),
(17, '69', 'ver16.4.3528.0331', '2016-09-08'),
(48, '24', 'ver24.0.0.186', '0000-00-00'),
(29, '23', 'ver1.7.0.210', '2013-05-20'),
(67, '46', 'ver24.0.0.186', '0000-00-00'),
(23, '29', 'ver1.4.20', '2016-04-27'),
(76, '34', 'ver7.0.800', '2016-03-22'),
(20, '14', 'ver2.14.0', '2014-03-18'),
(40, '103', 'ver12.3.5', '2016-08-30'),
(40, '88', 'ver2.2.4', '0000-00-00'),
(63, '24', 'ver23.0.0.207', '0000-00-00'),
(43, '34', 'ver8.0.1110.14', '2016-11-12'),
(56, '21', 'ver24.0.0.186', '0000-00-00'),
(69, '84', 'ver10.7.144.0', '2015-03-12'),
(16, '21', 'ver24.0.0.186', '0000-00-00'),
(14, '30', 'ver2.0.6', '2014-10-14'),
(26, '102', 'ver16.04.00.0', '2016-11-22'),
(32, '22', 'ver4.5.7.6452', '2016-12-05'),
(58, '42', 'ver2.4.1', '2016-12-05'),
(20, '5', '', '0000-00-00'),
(45, '75', 'ver5.9.3', '2016-12-02'),
(45, '9', 'ver5.24', '0000-00-00'),
(9, '22', 'ver4.5.7.6452', '2016-12-05'),
(67, '87', 'ver55.0.2883.87', '2016-12-13'),
(60, '9', 'ver5.24', '0000-00-00'),
(21, '102', 'ver16.02', '0000-00-00'),
(62, '34', 'ver8.0.1110.14', '2016-10-21'),
(33, '7', 'ver2.2.1', '0000-00-00'),
(39, '68', 'ver7.3.4.311', '2016-04-25'),
(16, '42', 'ver2.4.1', '2016-11-30'),
(16, '90', 'ver5.0.274.0', '2016-09-11'),
(63, '28', 'ver7.2.1', '0000-00-00'),
(56, '87', 'ver55.0.2883.87', '2016-11-23'),
(34, '42', 'ver2.4.1', '2016-12-05'),
(76, '67', 'ver12.2.5.195', '0000-00-00'),
(60, '63', 'ver50.0', '0000-00-00'),
(54, '14', 'ver2.14.0', '2013-04-07'),
(14, '75', 'ver5.9.2', '2016-09-21'),
(35, '9', 'ver5.24', '0000-00-00'),
(27, '9', 'ver5.24', '0000-00-00'),
(76, '12', 'ver15.020.20042', '2016-11-06'),
(41, '81', 'ver2.36', '2016-08-20'),
(9, '60', 'ver0.91', '2015-02-09'),
(8, '17', 'ver1.22', '0000-00-00'),
(63, '7', 'ver3.0.20.0', '2016-11-24'),
(71, '97', 'ver2.8.18', '2016-08-19'),
(16, '70', 'ver5.1.50901.0', '2016-10-12'),
(39, '63', 'ver50.1.0', '0000-00-00'),
(9, '87', 'ver55.0.2883.87', '2016-12-07'),
(47, '51', '', '2014-08-15'),
(75, '63', 'ver50.0.2', '0000-00-00'),
(23, '76', 'ver3.0', '0000-00-00'),
(38, '42', 'ver2.4.1', '2016-11-23'),
(10, '72', 'ver2.0.103.0', '2016-10-11'),
(59, '88', 'ver2.2.4', '0000-00-00'),
(56, '103', 'ver12.6.0', '2016-11-23'),
(38, '1', 'ver24.0.0.180', '2016-12-15'),
(30, '70', 'ver5.1.50709.0', '2016-09-14'),
(54, '70', 'ver5.1.50428.0', '2016-06-23'),
(14, '48', 'ver1.32.3592.6117', '2016-11-06'),
(39, '74', 'ver4.0.9', '2016-04-25'),
(32, '53', 'ver11.0.18', '2016-11-03'),
(52, '102', 'ver16.04', '0000-00-00'),
(57, '46', 'ver24.0.0.186', '0000-00-00'),
(71, '63', 'ver50.1.0', '0000-00-00'),
(32, '60', 'ver0.91', '2016-11-03'),
(43, '102', 'ver16.04.00.0', '2016-11-07'),
(31, '21', 'ver23.0.0.207', '0000-00-00'),
(38, '29', 'ver1.4.20', '2016-11-24'),
(28, '86', 'ver2.5.8.0', '2014-02-07'),
(18, '87', 'ver49.0.2623.112', '2010-11-19'),
(48, '102', 'ver15.06', '0000-00-00'),
(30, '46', 'ver23.0.0.205', '0000-00-00'),
(63, '63', 'ver50.0', '0000-00-00'),
(55, '49', 'ver7.1.7.2606', '2016-11-07'),
(43, '39', 'ver0.67', '2016-04-11'),
(47, '89', 'ver3.23.0.2', '0000-00-00'),
(4, '97', 'ver2.8.18', '2016-11-23'),
(17, '68', 'ver6.2.2.802', '2014-09-09'),
(3, '38', 'ver4', '2012-02-14'),
(21, '42', 'ver2.4.0', '2016-11-05'),
(75, '46', 'ver23.0.0.185', '0000-00-00'),
(67, '30', 'ver2.1.2', '2016-08-21'),
(4, '19', 'ver4.42', '0000-00-00'),
(42, '63', 'ver50.1.0', '0000-00-00'),
(60, '19', 'ver4.42', '0000-00-00'),
(71, '83', 'ver3.9.141.259', '0000-00-00'),
(3, '46', 'ver24.0.0.186', '0000-00-00'),
(39, '67', 'ver12.2.5.195', '0000-00-00'),
(73, '74', 'ver4.0.10', '2016-08-20'),
(8, '63', 'ver50.1.0', '0000-00-00'),
(29, '34', 'ver8.0.1120.15', '2016-12-06'),
(52, '67', 'ver12.2.5.195', '0000-00-00'),
(62, '89', 'ver3.22.2.2', '0000-00-00'),
(63, '81', 'ver2.39', '2016-11-23'),
(47, '86', 'ver2.5.8.0', '2014-02-07'),
(22, '68', 'ver8.0.2.805', '2016-08-19'),
(44, '48', 'ver1.32.4066.7445', '2016-12-08'),
(46, '63', 'ver50.0.2', '0000-00-00'),
(45, '64', 'ver42.0.2393.85', '0000-00-00'),
(76, '97', 'ver2.8.18', '2016-08-22'),
(45, '67', 'ver12.2.5.195', '0000-00-00'),
(56, '97', 'ver2.8.18', '2016-11-23'),
(52, '34', 'ver8.0.1120.15', '2016-11-06'),
(12, '48', 'ver1.32.3889.0961', '2016-11-22'),
(59, '22', 'ver4.5.7.6452', '2016-12-02'),
(23, '70', 'ver5.1.50901.0', '2016-10-17'),
(54, '51', '', '2016-03-25'),
(54, '81', 'ver2.38', '2016-11-05'),
(35, '89', 'ver3.23.0.2', '0000-00-00'),
(26, '56', 'ver2.0.0.372', '0000-00-00'),
(39, '13', 'ver1.16', '0000-00-00'),
(41, '1', 'ver23.0.0.257', '2016-09-14'),
(23, '86', 'ver2.5.8.0', '2014-09-16'),
(11, '60', 'ver0.91', '2016-11-03'),
(14, '76', 'ver3.0', '0000-00-00'),
(13, '63', 'ver50.0.2', '0000-00-00'),
(20, '49', 'ver7.1.7.2606', '2016-10-17'),
(60, '96', '', '2016-11-23'),
(23, '67', 'ver12.2.5.195', '0000-00-00'),
(9, '36', 'ver1.2.6.7', '2015-08-10'),
(4, '68', 'ver8.1.1.1115', '2016-11-23'),
(52, '90', 'ver5.0.286.0', '2016-11-06'),
(71, '28', 'ver7.2.2', '0000-00-00'),
(76, '68', 'ver7.3.4.311', '2016-04-25'),
(35, '57', 'ver5.1.4.2', '2016-06-24'),
(61, '19', 'ver4.42', '0000-00-00'),
(74, '68', 'ver8.1.1.1115', '2016-12-09'),
(31, '67', 'ver12.2.5.195', '0000-00-00'),
(21, '29', 'ver1.4.20', '2016-05-09'),
(44, '88', 'ver2.2.4', '0000-00-00'),
(61, '22', 'ver4.5.7.6389', '2016-11-05'),
(62, '30', 'ver2.1.2', '2016-03-09'),
(48, '22', 'ver4.5.6.5844', '2015-09-09'),
(39, '97', 'ver2.8.18', '2016-08-24'),
(18, '34', 'ver7.0.800', '2016-11-22'),
(20, '88', 'ver2.2.4', '0000-00-00'),
(43, '81', 'ver2.39', '2016-11-12'),
(1, '70', 'ver5.1.41212.0', '2016-01-13'),
(43, '5', 'ver0.52.00.00', '2012-06-24'),
(25, '75', 'ver5.9.2', '2016-11-23'),
(34, '101', 'ver16.4.29', '0000-00-00'),
(66, '14', 'ver2.14.0', '2016-05-01'),
(55, '60', 'ver0.91', '2015-02-21'),
(35, '83', 'ver3.9.141.259', '0000-00-00'),
(41, '36', 'ver1.2.8.12', '2016-04-23'),
(34, '28', 'ver7.2.2', '0000-00-00'),
(60, '7', 'ver3.0.20.0', '2016-11-24'),
(54, '21', 'ver23.0.0.207', '0000-00-00'),
(11, '30', 'ver2.1.2', '2016-11-03'),
(66, '85', 'ver0.7.0', '2016-05-03'),
(31, '73', '', '0000-00-00'),
(36, '62', 'ver7.30.105', '2016-11-23'),
(16, '57', 'ver5.2.3.3', '2016-11-30'),
(75, '88', 'ver2.1.2', '0000-00-00'),
(59, '48', 'ver1.32.4066.7445', '2016-12-13'),
(56, '24', 'ver24.0.0.186', '0000-00-00'),
(71, '12', 'ver15.020.20042', '2016-11-06'),
(9, '57', 'ver5.1.6.2', '2016-11-08'),
(25, '34', 'ver8.0.1120.15', '2016-11-24'),
(61, '34', 'ver8.0.1120.15', '2016-11-05'),
(76, '103', 'ver12.1.0', '2016-04-25'),
(13, '22', 'ver4.5.7.6452', '2016-12-06'),
(42, '53', 'ver11.0.00', '2014-11-10'),
(76, '14', 'ver2.14.0', '2013-05-16'),
(61, '68', 'ver8.1.0.1013', '2016-11-05'),
(50, '55', 'ver15.4.3508.1109', '0000-00-00'),
(30, '87', 'ver49.0.2623.112', '2010-11-22'),
(58, '97', 'ver2.8.18', '2016-09-02'),
(55, '81', 'ver2.35', '2016-01-17'),
(68, '34', 'ver8.0.1010.13', '2016-09-05'),
(45, '14', 'ver2.14.0', '2015-06-25'),
(52, '30', 'ver2.1.2', '2016-04-03'),
(8, '65', 'ver4.9.9.2', '0000-00-00'),
(41, '102', 'ver16.02', '0000-00-00'),
(22, '83', 'ver3.9.141.259', '0000-00-00'),
(21, '70', 'ver5.1.50901.0', '2016-10-12'),
(47, '42', 'ver2.3.2', '2016-08-19'),
(76, '87', 'ver54.0.2840.99', '2016-11-11'),
(7, '88', 'ver2.2.4', '0000-00-00'),
(56, '75', 'ver5.9.2', '2016-11-23'),
(29, '74', 'ver4.0.10', '2016-09-10'),
(12, '87', 'ver54.0.2840.99', '2016-11-14'),
(45, '5', 'ver0.53.00.00', '2015-06-25'),
(71, '87', 'ver55.0.2883.87', '2016-12-13'),
(40, '57', 'ver5.0.4.2', '2016-02-07'),
(14, '67', 'ver12.2.5.195', '0000-00-00'),
(52, '81', 'ver2.38', '2016-11-06'),
(67, '14', 'ver2.14.0', '2013-11-15'),
(66, '67', 'ver12.2.5.195', '0000-00-00'),
(29, '75', 'ver5.9.1', '2016-09-10'),
(22, '30', 'ver2.1.2', '2016-01-21'),
(36, '21', 'ver23.0.0.207', '0000-00-00'),
(23, '39', 'ver0.67', '2016-04-08'),
(61, '86', 'ver2.5.8.0', '2015-06-25'),
(54, '17', 'ver1.27', '0000-00-00'),
(24, '61', 'ver1617.1.0', '0000-00-00'),
(11, '90', 'ver5.0.286.0', '2016-11-04'),
(16, '1', 'ver24.0.0.180', '2016-12-14'),
(13, '1', 'ver23.0.0.257', '2016-09-21'),
(12, '70', 'ver5.1.50901.0', '2016-10-12'),
(38, '34', 'ver8.0.1120.15', '2016-11-24'),
(21, '28', 'ver7.2', '0000-00-00'),
(31, '94', '', '0000-00-00'),
(54, '55', 'ver16.4.3528.0331', '2014-07-25'),
(8, '22', 'ver4.5.5.5642', '2015-06-11'),
(52, '60', 'ver0.91', '2015-06-25'),
(39, '75', 'ver5.9.3', '2016-12-13'),
(14, '21', 'ver23.0.0.205', '0000-00-00'),
(19, '40', 'ver6.0.0.1735', '2011-08-09'),
(29, '68', 'ver8.0.2.805', '2016-09-10'),
(34, '63', 'ver50.0.2', '0000-00-00'),
(60, '12', 'ver15.020.20042', '2016-11-24'),
(64, '88', 'ver2.2.4', '0000-00-00'),
(62, '34', 'ver7.0.210', '2013-05-16'),
(11, '95', 'ver14.0.23107', '2016-11-03'),
(52, '39', 'ver0.67', '2016-04-11'),
(76, '60', 'ver0.91', '2015-02-15'),
(9, '51', '', '2014-11-03'),
(40, '68', 'ver8.0.2.805', '2016-08-30'),
(26, '68', 'ver5.1.3.1201', '2013-12-19'),
(49, '55', 'ver15.4.3502.0922', '2011-01-06'),
(13, '12', 'ver15.020.20042', '2016-11-05'),
(41, '29', 'ver1.4.20', '2016-04-23'),
(61, '30', 'ver2.1.2', '2016-08-19'),
(71, '39', 'ver0.67', '2016-03-07'),
(31, '97', 'ver2.8.18', '2016-07-20'),
(65, '87', 'ver54.0.2840.99', '2016-09-08'),
(64, '34', 'ver8.0.1110.14', '2016-10-28'),
(34, '9', 'ver5.24', '0000-00-00'),
(2, '46', 'ver24.0.0.186', '0000-00-00'),
(38, '63', 'ver50.1.0', '0000-00-00'),
(30, '67', 'ver12.2.5.195', '0000-00-00'),
(8, '68', 'ver7.3.4.311', '2016-03-21'),
(20, '34', 'ver7.0.800', '2016-04-04'),
(33, '64', 'ver41.0.2353.69', '0000-00-00'),
(15, '90', 'ver5.0.229.0', '2016-04-24'),
(12, '1', 'ver23.0.0.257', '2016-09-20'),
(65, '88', 'ver2.2.4', '0000-00-00'),
(47, '81', 'ver2.36', '2016-05-22'),
(43, '36', 'ver1.2.4.10', '2015-02-03'),
(58, '49', 'ver7.1.7.2606', '2016-10-20'),
(33, '36', 'ver1.2.4.10', '2015-02-14'),
(16, '14', 'ver2.14.0', '2016-05-01'),
(43, '88', 'ver2.2.4', '0000-00-00'),
(68, '63', 'ver50.0.2', '0000-00-00'),
(24, '42', 'ver2.4.0', '2016-11-07'),
(40, '12', 'ver15.020.20042', '2016-11-08'),
(24, '88', 'ver2.2.4', '0000-00-00'),
(5, '46', 'ver22.0.0.209', '0000-00-00'),
(25, '88', 'ver2.2.4', '0000-00-00'),
(39, '76', 'ver3.0', '0000-00-00'),
(39, '91', 'ver0.6.2', '2012-09-02'),
(23, '30', 'ver2.1.0', '2015-07-07'),
(28, '9', 'ver5.24', '0000-00-00'),
(29, '85', 'ver0.5.4', '2013-10-05'),
(14, '34', 'ver8.0.1110.14', '2016-10-21'),
(24, '81', 'ver2.36', '2016-08-24'),
(49, '88', 'ver2.2.4', '0000-00-00'),
(31, '22', 'ver4.5.7.6452', '2016-12-12'),
(16, '39', 'ver0.67', '2016-05-01'),
(59, '19', 'ver4.42', '0000-00-00'),
(21, '30', 'ver2.0.6', '2014-11-06'),
(53, '103', 'ver12.0.5', '2016-04-03'),
(67, '83', 'ver3.9.141.259', '0000-00-00'),
(39, '56', 'ver2.0.0.372', '0000-00-00'),
(55, '57', 'ver5.1.6.2', '2016-11-07'),
(50, '1', 'ver23.0.0.257', '2016-09-15'),
(57, '82', 'ver15.4.3502.0922', '2011-07-21'),
(29, '64', 'ver41.0.2353.69', '0000-00-00'),
(31, '86', 'ver2.5.8.0', '2014-04-22'),
(26, '63', 'ver50.1.0', '0000-00-00'),
(16, '75', 'ver5.9.3', '2016-12-12'),
(24, '1', 'ver23.0.0.257', '2016-09-14'),
(70, '34', 'ver8.0.1120.15', '2016-10-31'),
(32, '88', 'ver2.2.4', '0000-00-00'),
(24, '64', 'ver42.0.2393.85', '0000-00-00'),
(31, '57', 'ver5.2.0.4', '2016-08-24'),
(60, '42', 'ver2.4.1', '2016-11-23'),
(54, '85', 'ver0.5.10', '2014-07-25'),
(38, '28', 'ver7.2.2', '0000-00-00'),
(26, '53', 'ver11.0.18', '2016-10-13'),
(8, '22', 'ver4.5.7.6452', '2016-12-05'),
(58, '19', 'ver4.42', '0000-00-00'),
(39, '5', 'ver0.53.00.00', '2012-09-02'),
(32, '28', 'ver7.2.2', '0000-00-00'),
(71, '49', 'ver7.1.7.2606', '2016-11-18'),
(60, '57', 'ver5.2.3.3', '2016-11-23'),
(23, '75', 'ver5.9.2', '2016-11-12'),
(32, '87', 'ver55.0.2883.75', '2016-12-09'),
(28, '75', 'ver5.9.3', '2016-12-04'),
(60, '85', 'ver0.7.6', '2016-11-24'),
(70, '85', 'ver0.5.7', '2014-02-23'),
(54, '64', 'ver41.0.2353.69', '0000-00-00'),
(34, '57', 'ver5.2.3.3', '2016-11-05'),
(20, '9', 'ver5.24', '0000-00-00'),
(46, '88', 'ver2.2.4', '0000-00-00'),
(20, '30', 'ver2.1.0', '2015-08-10'),
(58, '22', 'ver4.5.7.6452', '2016-12-05'),
(22, '71', 'ver0.8.b3', '2012-01-05'),
(23, '97', 'ver2.8.18', '2016-08-10'),
(1, '34', 'ver8.0.1020.14', '2016-10-03'),
(13, '22', 'ver4.5.7.6282', '2016-08-30'),
(8, '21', 'ver23.0.0.207', '0000-00-00'),
(54, '9', 'ver5.24', '0000-00-00'),
(73, '22', 'ver4.5.7.6321', '2016-09-08'),
(28, '49', 'ver7.1.7.2606', '2016-11-05'),
(16, '103', 'ver12.3.5', '2016-08-19'),
(41, '30', 'ver2.1.2', '2016-04-23'),
(22, '25', 'ver12.0.6612.1000', '2016-11-30'),
(33, '63', 'ver50.0.2', '0000-00-00'),
(9, '102', 'ver16.04.00.0', '2016-11-08'),
(66, '29', 'ver1.4.20', '2016-05-03'),
(14, '9', 'ver5.22', '0000-00-00'),
(52, '103', 'ver12.5.0', '2016-11-06'),
(34, '22', 'ver4.5.7.6452', '2016-12-05'),
(24, '67', 'ver12.2.5.195', '0000-00-00'),
(29, '103', 'ver12.3.5', '2016-09-10'),
(55, '39', 'ver0.67', '2016-04-11'),
(71, '68', 'ver8.0.2.805', '2016-08-19'),
(16, '49', 'ver7.1.7.2606', '2016-11-03'),
(57, '55', 'ver15.4.3508.1109', '0000-00-00'),
(19, '76', 'ver3.0', '0000-00-00'),
(38, '48', 'ver1.32.4066.7445', '2016-12-15'),
(34, '83', 'ver3.9.141.259', '0000-00-00'),
(67, '34', 'ver8.0.1120.15', '2016-12-05'),
(71, '74', 'ver4.0.10', '2016-08-19'),
(23, '28', 'ver7.2.2', '0000-00-00'),
(16, '29', 'ver1.4.20', '2016-05-03'),
(32, '24', 'ver23.0.0.207', '0000-00-00'),
(17, '40', 'ver6.0.0.1735', '2011-08-09'),
(22, '63', 'ver50.1.0', '0000-00-00'),
(76, '22', 'ver4.5.7.6452', '2016-12-04'),
(11, '89', 'ver3.23.0.2', '0000-00-00'),
(62, '60', 'ver0.91', '2015-02-15'),
(63, '21', 'ver23.0.0.207', '0000-00-00'),
(72, '68', 'ver8.0.2.805', '2016-08-26'),
(31, '76', 'ver3.0', '0000-00-00'),
(27, '68', 'ver5.1.3.1201', '2012-01-18'),
(9, '64', 'ver42.0.2393.85', '0000-00-00'),
(22, '69', 'ver16.4.3528.0331', '2016-03-21'),
(44, '97', 'ver2.8.18', '2016-08-03'),
(60, '78', 'ver3.3.1', '2016-11-24'),
(62, '48', 'ver1.32.3592.6117', '2016-11-06'),
(73, '36', 'ver1.2.8.12', '2016-04-23'),
(2, '2', 'ver5.9', '0000-00-00'),
(40, '42', 'ver2.3.2', '2016-08-30'),
(69, '2', 'ver4.6', '0000-00-00'),
(22, '88', 'ver2.2.4', '0000-00-00'),
(59, '5', 'ver0.53.00.00', '2015-09-12'),
(32, '85', 'ver0.7.6', '2016-11-04'),
(34, '68', 'ver8.1.0.1013', '2016-11-05'),
(39, '7', 'ver2.2.1', '0000-00-00'),
(3, '76', 'ver3.0', '0000-00-00'),
(11, '78', 'ver3.3.1', '2016-11-04'),
(23, '91', 'ver0.6.2', '2012-11-02'),
(73, '64', 'ver42.0.2393.85', '0000-00-00'),
(35, '97', 'ver2.8.18', '2016-08-03'),
(47, '48', 'ver1.32.3889.0961', '2016-11-22'),
(67, '101', 'ver16.4.29', '0000-00-00'),
(22, '48', 'ver1.32.4066.7445', '2016-12-14'),
(69, '68', 'ver7.0.3.916', '2014-10-15'),
(43, '5', 'ver0.53.00.00', '2013-08-26'),
(22, '87', 'ver55.0.2883.87', '2016-12-07'),
(34, '34', 'ver8.0.1120.15', '2016-10-31'),
(12, '86', 'ver2.5.8.0', '2014-08-15'),
(53, '96', '', '2016-04-06'),
(20, '57', 'ver5.2.3.3', '2016-12-05'),
(41, '48', 'ver1.32.3889.0961', '2016-11-22'),
(19, '62', 'ver7.30.105', '2016-11-23'),
(11, '46', 'ver24.0.0.186', '0000-00-00'),
(60, '64', 'ver41.0.2353.69', '0000-00-00'),
(28, '103', 'ver12.3.5', '2016-08-19'),
(70, '102', 'ver16.02', '0000-00-00'),
(41, '51', '', '2014-12-01'),
(53, '97', 'ver2.8.16', '2016-04-03'),
(25, '67', 'ver12.2.5.195', '0000-00-00'),
(70, '1', 'ver23.0.0.257', '2016-09-15'),
(23, '88', 'ver2.2.4', '0000-00-00'),
(29, '64', 'ver12.17.1863', '0000-00-00'),
(20, '7', 'ver2.2.2', '2014-03-18'),
(76, '83', 'ver3.9.141.259', '0000-00-00'),
(35, '12', 'ver15.020.20042', '2016-11-07'),
(44, '86', 'ver2.5.8.0', '2016-11-12'),
(4, '67', 'ver12.2.5.195', '0000-00-00'),
(32, '9', 'ver5.24', '0000-00-00'),
(33, '1', 'ver24.0.0.180', '2016-12-16'),
(62, '21', 'ver23.0.0.205', '0000-00-00'),
(33, '78', 'ver3.2.2', '0000-00-00'),
(67, '89', 'ver3.23.0.2', '0000-00-00'),
(67, '12', 'ver15.020.20042', '2016-11-07'),
(59, '74', 'ver4.0.13', '2016-12-13'),
(45, '63', 'ver50.1.0', '0000-00-00'),
(25, '85', 'ver0.7.6', '2016-11-24'),
(70, '22', 'ver4.5.7.6452', '2016-12-05'),
(4, '12', 'ver15.020.20042', '2016-11-24'),
(48, '87', 'ver55.0.2883.87', '2015-09-09'),
(58, '46', 'ver23.0.0.207', '0000-00-00'),
(32, '48', 'ver1.32.3889.0961', '2016-12-02'),
(43, '63', 'ver50.1.0', '0000-00-00'),
(33, '87', 'ver55.0.2883.87', '2016-11-14'),
(9, '19', 'ver4.42', '0000-00-00'),
(52, '1', 'ver23.0.0.257', '2016-09-15'),
(41, '57', 'ver5.2.3.3', '2016-11-16'),
(32, '34', 'ver8.0.1120.15', '2016-11-03'),
(73, '5', '', '0000-00-00'),
(16, '60', 'ver0.91', '2016-08-19'),
(15, '85', 'ver0.5.7', '2014-02-19'),
(39, '12', 'ver15.020.20042', '2016-11-07'),
(43, '28', 'ver7.2.2', '0000-00-00'),
(52, '63', 'ver50.0', '0000-00-00'),
(69, '46', 'ver24.0.0.186', '0000-00-00'),
(13, '36', 'ver1.2.6.7', '2015-06-25'),
(32, '25', 'ver12.0.6612.1000', '2016-12-05'),
(21, '78', 'ver3.2.2', '0000-00-00'),
(23, '89', 'ver3.23.0.2', '0000-00-00'),
(74, '53', 'ver10.1.16', '2016-08-24'),
(62, '90', 'ver5.0.286.0', '2016-11-06'),
(9, '88', 'ver2.2.4', '0000-00-00'),
(59, '45', 'ver1.0.189', '2015-09-21'),
(73, '90', 'ver5.0.229.0', '2016-04-23'),
(20, '46', 'ver24.0.0.186', '0000-00-00'),
(31, '29', 'ver1.4.20', '2016-06-03'),
(25, '97', 'ver2.8.18', '2016-11-23'),
(10, '88', 'ver2.2.4', '0000-00-00'),
(66, '88', 'ver2.2.4', '0000-00-00'),
(56, '46', 'ver24.0.0.186', '0000-00-00'),
(38, '24', 'ver24.0.0.186', '0000-00-00'),
(70, '64', 'ver12.16.1860', '0000-00-00'),
(66, '57', 'ver5.1.6.2', '2016-12-05'),
(5, '9', 'ver3.24', '2012-11-06'),
(70, '53', 'ver11.0.18', '2016-10-31'),
(62, '29', 'ver1.4.20', '2016-11-06'),
(48, '70', 'ver5.1.50901.0', '2016-10-19'),
(22, '23', 'ver8.0.250.18', '2014-10-27'),
(59, '102', 'ver15.12', '0000-00-00'),
(24, '87', 'ver53.0.2785.116', '2016-09-19'),
(22, '34', 'ver7.0.670', '2014-08-08'),
(61, '87', 'ver54.0.2840.87', '2016-11-05'),
(54, '35', 'ver12.0.31101', '0000-00-00'),
(33, '46', 'ver24.0.0.186', '0000-00-00'),
(67, '34', 'ver7.0.800', '2016-04-06'),
(47, '67', 'ver12.2.5.195', '0000-00-00'),
(58, '39', 'ver0.67', '2016-04-11'),
(33, '22', 'ver4.5.7.6452', '2016-12-05'),
(21, '34', 'ver8.0.1120.15', '2016-11-05'),
(61, '39', 'ver0.67', '2016-04-10'),
(34, '64', 'ver41.0.2353.69', '0000-00-00'),
(66, '48', 'ver1.32.3889.0961', '2016-11-23'),
(28, '34', 'ver8.0.1120.15', '2016-11-05'),
(31, '70', 'ver5.1.50901.0', '2016-10-12'),
(13, '75', 'ver5.9.3', '2016-12-06'),
(69, '21', 'ver24.0.0.186', '0000-00-00'),
(73, '57', 'ver5.2.1.2', '2016-09-12'),
(6, '46', 'ver24.0.0.186', '0000-00-00'),
(24, '28', 'ver7.2.2', '0000-00-00'),
(33, '21', 'ver24.0.0.186', '0000-00-00'),
(57, '55', 'ver15.4.3502.0922', '2011-07-21'),
(56, '89', 'ver3.23.0.2', '0000-00-00'),
(55, '102', 'ver16.02.00.0', '2016-09-05'),
(23, '34', 'ver8.0.1110.14', '2016-11-12'),
(34, '89', 'ver3.23.0.2', '0000-00-00'),
(43, '1', 'ver24.0.0.180', '2016-12-14'),
(14, '28', 'ver7.2', '0000-00-00'),
(9, '9', 'ver5.24', '0000-00-00'),
(21, '5', 'ver0.53.00.00', '2013-05-20'),
(43, '22', 'ver4.5.7.6389', '2016-11-07'),
(3, '88', 'ver2.2.4', '0000-00-00'),
(63, '29', 'ver1.4.20', '2016-11-24'),
(36, '88', 'ver2.2.4', '0000-00-00'),
(23, '30', 'ver2.1.2', '2016-03-22'),
(20, '74', 'ver4.0.6', '2015-08-10'),
(21, '64', 'ver12.17.1863', '0000-00-00'),
(24, '21', 'ver24.0.0.186', '0000-00-00'),
(55, '28', 'ver7.2.1', '0000-00-00'),
(47, '101', 'ver15.4.22', '0000-00-00'),
(25, '96', '', '2016-11-23'),
(24, '34', 'ver8.0.1020.14', '2016-09-21'),
(20, '85', 'ver0.5.7', '2014-03-18'),
(19, '55', 'ver16.4.3528.0331', '2016-09-02'),
(19, '21', 'ver23.0.0.207', '0000-00-00'),
(22, '21', 'ver24.0.0.186', '0000-00-00'),
(45, '22', 'ver4.5.5.5666', '2015-06-25'),
(39, '14', 'ver2.14.0', '2013-04-07'),
(29, '60', 'ver0.48.5', '0000-00-00'),
(54, '30', 'ver2.1.2', '2016-03-29'),
(40, '102', 'ver16.02', '0000-00-00'),
(8, '46', 'ver23.0.0.207', '0000-00-00'),
(56, '19', 'ver4.42', '0000-00-00'),
(36, '70', 'ver5.1.50901.0', '2016-10-12'),
(3, '44', 'ver1.0.0', '0000-00-00'),
(66, '30', 'ver2.1.2', '2016-05-01'),
(71, '34', 'ver8.0.1120.15', '2016-11-18'),
(29, '38', 'ver4', '2013-10-05'),
(54, '46', 'ver23.0.0.207', '0000-00-00'),
(18, '70', 'ver5.1.50709.0', '2016-09-23'),
(59, '42', 'ver2.4.1', '2016-12-02'),
(12, '9', 'ver5.24', '0000-00-00'),
(56, '85', 'ver0.7.6', '2016-11-24'),
(58, '89', 'ver3.22.2.2', '0000-00-00'),
(24, '75', 'ver5.9.2', '2016-09-16'),
(12, '14', 'ver2.14.0', '2013-08-25'),
(3, '63', 'ver50.1.0', '0000-00-00'),
(63, '42', 'ver2.4.1', '2016-11-23'),
(62, '64', 'ver41.0.2353.46', '0000-00-00'),
(40, '1', 'ver23.0.0.257', '2016-09-18'),
(31, '9', 'ver5.24', '0000-00-00'),
(72, '2', 'ver5.7', '0000-00-00'),
(54, '67', 'ver12.2.5.195', '0000-00-00'),
(8, '102', 'ver16.04.00.0', '2016-10-28'),
(54, '68', 'ver8.1.1.1115', '2016-11-21'),
(13, '86', 'ver2.5.8.0', '2015-06-25'),
(31, '5', '', '0000-00-00'),
(45, '90', 'ver5.0.274.0', '2016-09-11'),
(42, '21', 'ver24.0.0.186', '0000-00-00'),
(22, '14', 'ver2.14.0', '2013-04-27'),
(36, '55', 'ver15.4.3502.0922', '2011-07-21'),
(47, '68', 'ver8.0.2.805', '2016-08-19'),
(28, '46', 'ver23.0.0.207', '0000-00-00'),
(53, '90', 'ver5.0.214.0', '2016-04-06'),
(16, '68', 'ver8.0.2.805', '2016-08-19'),
(11, '81', 'ver2.38', '2016-11-03'),
(21, '38', 'ver4', '2013-10-05'),
(67, '28', 'ver7.2.2', '0000-00-00'),
(47, '64', 'ver41.0.2353.69', '0000-00-00'),
(67, '81', 'ver2.36', '2016-08-21'),
(5, '90', 'ver5.0.212.0', '2016-03-09'),
(61, '11', 'ver4.94', '0000-00-00'),
(8, '30', 'ver2.1.2', '2016-04-25'),
(9, '97', 'ver2.8.18', '2016-08-24'),
(8, '34', 'ver8.0.1120.15', '2016-10-28'),
(25, '39', 'ver0.67', '2016-11-23'),
(45, '28', 'ver7.2.2', '0000-00-00'),
(66, '28', 'ver7.2.2', '0000-00-00'),
(22, '9', 'ver5.24', '0000-00-00'),
(50, '53', 'ver10.1.16', '2016-08-25'),
(29, '19', 'ver4.42', '0000-00-00'),
(44, '57', 'ver5.2.3.3', '2016-11-12'),
(38, '30', 'ver2.1.2', '2016-11-23'),
(61, '97', 'ver2.8.18', '2016-08-19'),
(28, '5', '', '0000-00-00'),
(13, '97', 'ver2.8.18', '2016-08-30'),
(37, '84', 'ver10.7.144.0', '2014-10-16'),
(33, '102', 'ver16.04.00.0', '2016-12-05'),
(9, '1', 'ver24.0.0.180', '2016-12-14'),
(23, '87', 'ver55.0.2883.75', '2016-12-09'),
(4, '24', 'ver24.0.0.186', '0000-00-00'),
(21, '1', 'ver23.0.0.257', '2016-09-15'),
(18, '62', 'ver5.8.158', '2012-03-22'),
(71, '1', 'ver24.0.0.180', '2016-12-14'),
(41, '68', 'ver8.0.2.805', '2016-08-20'),
(71, '81', 'ver2.36', '2016-08-19'),
(47, '90', 'ver5.0.229.0', '2016-04-24'),
(62, '65', 'ver4.9.9.2', '0000-00-00'),
(12, '90', 'ver5.0.268.0', '2016-08-20'),
(53, '102', 'ver15.14', '0000-00-00'),
(3, '27', 'ver6.7.0', '2011-08-09'),
(60, '28', 'ver7.2.1', '0000-00-00'),
(54, '80', 'ver2.0.2', '2012-09-02'),
(14, '39', 'ver0.67', '2016-04-08'),
(53, '87', 'ver49.0.2623.112', '2016-04-03');
INSERT INTO `telepites` (`gepid`, `szoftverid`, `verzio`, `datum`) VALUES
(52, '12', 'ver15.020.20042', '2016-11-06'),
(51, '34', 'ver8.0.1110.14', '2016-10-20'),
(25, '60', 'ver0.91', '2016-11-23'),
(9, '34', 'ver8.0.1120.15', '2016-11-08'),
(23, '81', 'ver2.36', '2016-08-24'),
(71, '60', 'ver0.91', '2016-08-19'),
(12, '94', '', '0000-00-00'),
(28, '83', 'ver3.9.141.259', '0000-00-00'),
(47, '22', 'ver4.5.7.6282', '2016-08-19'),
(44, '12', 'ver15.020.20042', '2016-11-07'),
(62, '76', 'ver3.0', '0000-00-00'),
(52, '28', 'ver7.2.1', '0000-00-00'),
(12, '75', 'ver5.9.3', '2016-12-05'),
(16, '74', 'ver4.0.11', '2016-09-11'),
(28, '89', 'ver3.22.2.2', '0000-00-00'),
(16, '34', 'ver8.0.1120.15', '2016-11-03'),
(48, '28', 'ver7', '0000-00-00'),
(14, '14', 'ver2.14.0', '2013-05-16'),
(38, '96', '', '2016-11-23'),
(21, '19', 'ver4.42', '0000-00-00'),
(53, '36', 'ver1.2.8.12', '2016-04-03'),
(44, '81', 'ver2.39', '2016-11-12'),
(15, '9', 'ver5.23', '0000-00-00'),
(54, '102', 'ver16.04', '0000-00-00'),
(40, '83', 'ver3.9.141.259', '0000-00-00'),
(48, '64', 'ver41.0.2353.69', '0000-00-00'),
(71, '46', 'ver24.0.0.186', '0000-00-00'),
(69, '56', 'ver2.0.0.372', '0000-00-00'),
(74, '72', 'ver2.0.103.0', '2014-03-04'),
(52, '36', 'ver1.2.6.7', '2015-06-25'),
(63, '64', 'ver41.0.2353.69', '0000-00-00'),
(76, '7', 'ver2.2.2', '2013-05-16'),
(32, '96', '', '2016-11-04'),
(34, '1', 'ver23.0.0.257', '2016-09-14'),
(63, '68', 'ver8.1.1.1115', '2016-11-23'),
(76, '89', 'ver3.22.2.2', '0000-00-00'),
(21, '22', 'ver4.5.7.6389', '2016-11-05'),
(51, '40', 'ver6.0.0.1735', '2011-08-09'),
(9, '102', 'ver9.20', '0000-00-00'),
(76, '9', 'ver5.24', '0000-00-00'),
(12, '91', 'ver0.6.2', '2012-11-02'),
(66, '34', 'ver8.0.1120.15', '2016-12-05'),
(15, '96', '', '2014-02-07'),
(23, '102', 'ver16.02', '0000-00-00'),
(71, '22', 'ver4.5.7.6452', '2016-12-06'),
(62, '28', 'ver7.2', '0000-00-00'),
(58, '67', 'ver12.2.5.195', '0000-00-00'),
(13, '90', 'ver5.0.274.0', '2016-09-11'),
(12, '80', 'ver2.0.2', '2012-11-02'),
(76, '36', 'ver1.2.4.10', '2015-02-15'),
(16, '67', 'ver12.2.5.195', '0000-00-00'),
(4, '88', 'ver2.2.4', '0000-00-00'),
(60, '1', 'ver23.0.0.257', '2016-11-23'),
(11, '96', '', '2016-11-04'),
(28, '29', 'ver1.4.20', '2016-04-24'),
(24, '22', 'ver4.5.4.5306', '2015-02-04'),
(14, '57', 'ver5.2.3.3', '2016-11-06'),
(62, '74', 'ver4.0.12', '2016-11-06'),
(19, '69', 'ver16.4.3528.0331', '2016-09-02'),
(67, '57', 'ver5.2.3.3', '2016-12-05'),
(13, '74', 'ver4.0.10', '2016-08-30'),
(61, '49', 'ver7.1.7.2606', '2016-11-05'),
(16, '89', 'ver3.23.0.2', '0000-00-00'),
(32, '42', 'ver2.4.1', '2016-12-05'),
(59, '102', 'ver16.04.00.0', '2016-10-11'),
(14, '68', 'ver8.1.0.1013', '2016-11-06'),
(43, '103', 'ver12.5.5', '2016-11-12'),
(22, '103', 'ver12.3.5', '2016-08-19'),
(20, '84', 'ver11.1.1209.0', '2014-09-09'),
(20, '29', 'ver1.4.20', '2016-04-25'),
(48, '34', 'ver8.0.1020.14', '2016-09-24'),
(54, '103', 'ver12.5.0', '2016-11-05'),
(4, '9', 'ver5.25', '0000-00-00'),
(71, '64', 'ver42.0.2393.85', '0000-00-00'),
(63, '96', '', '2016-11-23'),
(56, '42', 'ver2.4.1', '2016-11-23'),
(28, '102', 'ver16.02', '0000-00-00'),
(58, '81', 'ver2.36', '2016-09-02'),
(21, '30', 'ver2.1.2', '2016-03-21'),
(24, '70', 'ver5.1.41212.0', '2016-01-13'),
(8, '28', 'ver7.2.2', '0000-00-00'),
(31, '78', 'ver3.1.2', '0000-00-00'),
(13, '102', 'ver16.02', '0000-00-00'),
(9, '39', 'ver0.67', '2016-04-08'),
(29, '63', 'ver50.0', '0000-00-00'),
(44, '42', 'ver2.4.1', '2016-12-02'),
(51, '19', 'ver4.38', '0000-00-00'),
(27, '2', 'ver4.6', '0000-00-00'),
(24, '102', 'ver16.03.00.0', '2016-09-30'),
(55, '70', 'ver5.1.50901.0', '2016-10-12'),
(66, '68', 'ver7.3.4.311', '2016-05-01'),
(29, '46', 'ver23.0.0.207', '0000-00-00'),
(58, '9', 'ver5.24', '0000-00-00'),
(9, '49', 'ver7.1.7.2606', '2016-11-08'),
(55, '12', 'ver15.020.20042', '2016-11-08'),
(16, '51', '', '2016-05-03'),
(62, '87', 'ver54.0.2840.87', '2016-11-06'),
(69, '72', 'ver2.0.103.0', '2014-03-04'),
(52, '75', 'ver5.9.2', '2016-09-19'),
(11, '70', 'ver5.1.50901.0', '2016-11-04'),
(29, '96', '', '2013-05-25'),
(58, '103', 'ver12.3.5', '2016-09-02'),
(68, '53', 'ver10.1.16', '2016-09-06'),
(52, '88', 'ver2.2.4', '0000-00-00'),
(32, '20', 'ver2.78.1', '2016-11-03'),
(47, '29', 'ver1.4.20', '2016-04-24'),
(4, '30', 'ver2.1.2', '2016-11-23'),
(50, '90', 'ver5.0.212.0', '2016-03-10'),
(55, '46', 'ver23.0.0.207', '0000-00-00'),
(62, '85', 'ver0.5.4', '2013-05-16'),
(47, '14', 'ver2.14.0', '2015-02-05'),
(8, '89', 'ver3.23.0.2', '0000-00-00'),
(12, '96', '', '2014-08-18'),
(59, '34', 'ver8.0.1120.15', '2016-11-07'),
(44, '102', 'ver16.04.00.0', '2016-11-07'),
(14, '65', 'ver4.9.9.2', '0000-00-00'),
(1, '84', 'ver10.7.144.0', '2015-02-26'),
(41, '63', 'ver50.0.2', '0000-00-00'),
(61, '48', 'ver1.32.3592.6117', '2016-11-05'),
(15, '36', 'ver1.2.8.12', '2016-04-24'),
(73, '63', 'ver50.1.0', '0000-00-00'),
(41, '42', 'ver2.4.1', '2016-12-05'),
(17, '34', 'ver6.0.450', '2016-09-07'),
(16, '7', 'ver3.0.20.0', '2016-05-03'),
(33, '97', 'ver2.8.18', '2016-08-21'),
(16, '64', 'ver42.0.2393.85', '0000-00-00'),
(22, '86', 'ver2.5.8.0', '2014-03-18'),
(11, '9', 'ver5.24', '0000-00-00'),
(59, '9', 'ver5.24', '0000-00-00'),
(61, '44', 'ver1.0.0', '0000-00-00'),
(24, '90', 'ver5.0.286.0', '2016-11-12'),
(67, '49', 'ver7.1.7.2606', '2016-11-23'),
(40, '23', 'ver8.0.250.18', '2014-12-04'),
(28, '96', '', '2014-09-06'),
(68, '46', 'ver24.0.0.186', '0000-00-00'),
(11, '42', 'ver2.4.1', '2016-12-01'),
(66, '103', 'ver12.1.0', '2016-05-01'),
(65, '28', 'ver6.9.2', '0000-00-00'),
(73, '87', 'ver55.0.2883.87', '2016-12-14'),
(16, '46', 'ver24.0.0.186', '0000-00-00'),
(28, '38', 'ver4', '2014-02-12'),
(66, '51', '', '2016-05-03'),
(33, '96', '', '2014-08-31'),
(60, '88', 'ver2.2.4', '0000-00-00'),
(66, '102', 'ver16.02.00.0', '2016-09-14'),
(67, '5', '', '0000-00-00'),
(67, '102', 'ver16.02', '0000-00-00'),
(58, '102', 'ver16.02', '0000-00-00'),
(76, '19', 'ver4.42', '0000-00-00'),
(45, '19', 'ver4.42', '0000-00-00'),
(73, '29', 'ver1.4.20', '2016-04-23'),
(45, '103', 'ver12.3.5', '2016-09-11'),
(33, '60', 'ver0.91', '2015-02-14'),
(56, '64', 'ver42.0.2393.85', '0000-00-00'),
(76, '74', 'ver4.0.9', '2016-04-25'),
(58, '87', 'ver66.198.99', '2016-11-11'),
(3, '40', 'ver6.0.0.1735', '2011-08-09'),
(55, '102', 'ver15.14', '0000-00-00'),
(54, '96', '', '2015-08-25'),
(15, '21', 'ver24.0.0.186', '0000-00-00'),
(74, '9', 'ver5.24', '0000-00-00'),
(20, '86', 'ver2.5.8.0', '2014-03-18'),
(31, '90', 'ver4.2.56.0', '2013-08-27'),
(21, '48', 'ver1.32.3592.6117', '2016-11-05'),
(19, '34', 'ver8.0.1120.15', '2016-10-28'),
(9, '68', 'ver7.3.4.311', '2016-04-08'),
(52, '19', 'ver4.42', '0000-00-00'),
(47, '96', '', '2014-02-07'),
(34, '67', 'ver12.2.5.195', '0000-00-00'),
(21, '92', 'ver2.64.1073', '0000-00-00'),
(32, '81', 'ver2.38', '2016-11-03'),
(70, '102', 'ver16.04.00.0', '2016-10-31'),
(4, '78', 'ver3.3.1', '2016-11-24'),
(25, '24', 'ver23.0.0.207', '0000-00-00'),
(50, '90', 'ver4.0.15.0', '2016-03-10'),
(22, '67', 'ver12.2.5.195', '0000-00-00'),
(4, '96', '', '2016-11-23'),
(75, '84', 'ver11.0.583.0', '2012-09-18'),
(16, '102', 'ver16.02', '0000-00-00'),
(12, '5', '', '0000-00-00'),
(20, '68', 'ver8.0.2.805', '2016-08-19'),
(63, '30', 'ver2.1.2', '2016-11-23'),
(38, '103', 'ver12.6.0', '2016-11-23'),
(27, '46', 'ver23.0.0.205', '0000-00-00'),
(28, '57', 'ver5.2.3.3', '2016-11-22'),
(63, '9', 'ver5.24', '0000-00-00'),
(54, '7', 'ver3.0.20.0', '2016-03-25'),
(45, '102', 'ver16.02', '0000-00-00'),
(15, '42', 'ver2.4.0', '2016-11-05'),
(21, '75', 'ver5.9.2', '2016-09-15'),
(11, '22', 'ver4.5.7.6452', '2016-12-01'),
(13, '30', 'ver2.1.2', '2016-04-10'),
(44, '14', 'ver2.14.0', '2015-06-24'),
(23, '60', 'ver0.91', '2015-02-04'),
(62, '5', 'ver0.53.00.00', '2013-05-16'),
(28, '42', 'ver2.4.1', '2016-12-04'),
(28, '44', 'ver1.0.0', '0000-00-00'),
(70, '64', 'ver41.0.2353.69', '0000-00-00'),
(23, '42', 'ver2.3.2', '2016-08-24'),
(76, '81', 'ver2.35', '2016-04-25'),
(40, '75', 'ver5.9.2', '2016-09-18'),
(10, '102', 'ver16.04', '0000-00-00'),
(70, '63', 'ver50.0.2', '0000-00-00'),
(21, '9', 'ver5.23', '0000-00-00'),
(31, '42', 'ver2.4.1', '2016-12-12'),
(66, '39', 'ver0.67', '2016-05-01'),
(47, '97', 'ver2.8.18', '2016-08-19'),
(40, '36', 'ver1.2.8.12', '2016-05-03'),
(38, '57', 'ver5.2.3.3', '2016-11-23'),
(16, '19', 'ver4.42', '0000-00-00'),
(71, '9', 'ver5.24', '0000-00-00'),
(67, '67', 'ver12.2.5.195', '0000-00-00'),
(38, '21', 'ver24.0.0.186', '0000-00-00'),
(65, '81', 'ver2.36', '2016-09-08'),
(54, '73', '', '0000-00-00'),
(21, '97', 'ver2.8.18', '2016-08-30'),
(24, '30', 'ver2.0.6', '2015-02-04'),
(24, '48', 'ver1.31.2873.2758', '2016-08-24'),
(73, '48', 'ver1.32.3889.0961', '2016-11-29'),
(52, '48', 'ver1.32.3889.0961', '2016-11-24'),
(67, '1', 'ver24.0.0.180', '2016-12-14'),
(33, '92', 'ver2.64.1073', '0000-00-00'),
(28, '36', 'ver1.2.8.12', '2016-03-31'),
(47, '19', 'ver4.42', '0000-00-00'),
(51, '46', 'ver24.0.0.186', '0000-00-00'),
(29, '89', 'ver3.22.2.2', '0000-00-00'),
(71, '90', 'ver5.0.268.0', '2016-08-19'),
(9, '28', 'ver7.2.2', '0000-00-00'),
(58, '30', 'ver2.1.2', '2016-04-11'),
(56, '63', 'ver50.1.0', '0000-00-00'),
(29, '7', 'ver2.2.2', '2013-05-20'),
(60, '75', 'ver5.9.2', '2016-11-23'),
(68, '57', 'ver5.1.5.2', '2016-09-23'),
(66, '64', 'ver41.0.2353.69', '0000-00-00'),
(67, '97', 'ver2.8.18', '2016-08-21'),
(14, '86', 'ver2.5.8.0', '2014-10-14'),
(62, '96', '', '2014-11-19'),
(52, '83', 'ver3.9.141.259', '0000-00-00'),
(33, '9', 'ver5.24', '0000-00-00'),
(47, '103', 'ver12.3.5', '2016-08-19'),
(39, '22', 'ver4.5.7.6452', '2016-12-13'),
(46, '2', 'ver5.1', '0000-00-00'),
(41, '19', 'ver4.42', '0000-00-00'),
(62, '23', 'ver8.0.310.13', '2015-02-15'),
(53, '9', 'ver5.12', '0000-00-00'),
(40, '60', 'ver0.91', '2016-08-30'),
(33, '76', 'ver3.0', '0000-00-00'),
(35, '36', 'ver1.2.8.12', '2016-04-03'),
(11, '68', 'ver8.1.0.1013', '2016-11-03'),
(3, '69', 'ver16.4.3528.0331', '2016-12-06'),
(23, '96', '', '2015-02-04'),
(65, '34', 'ver8.0.1020.14', '2016-09-08'),
(23, '85', 'ver0.5.7', '2013-12-13'),
(42, '46', 'ver24.0.0.186', '0000-00-00'),
(62, '86', 'ver2.5.8.0', '2014-11-19'),
(34, '76', 'ver3.0', '0000-00-00'),
(29, '49', 'ver7.1.7.2606', '2016-11-21'),
(8, '34', 'ver7.0.800', '2016-05-25'),
(33, '39', 'ver0.67', '2016-04-14'),
(25, '74', 'ver4.0.12', '2016-11-23'),
(33, '44', 'ver1.0.0', '0000-00-00'),
(35, '34', 'ver8.0.1120.15', '2016-11-07'),
(9, '84', 'ver11.1.1209.0', '2014-10-28'),
(45, '34', 'ver8.0.1120.15', '2016-11-07'),
(9, '75', 'ver5.9.3', '2016-12-05'),
(39, '34', 'ver8.0.1120.15', '2016-10-28'),
(40, '67', 'ver12.2.4.194', '0000-00-00'),
(66, '89', 'ver3.23.0.2', '0000-00-00'),
(17, '53', 'ver9.5.5', '2016-09-12'),
(32, '19', 'ver4.42', '0000-00-00'),
(52, '23', 'ver8.0.450.14', '2015-06-25'),
(33, '90', 'ver5.0.271.0', '2016-08-30'),
(40, '97', 'ver2.8.18', '2016-08-30'),
(15, '60', 'ver0.91', '2015-02-05'),
(27, '63', 'ver50.0.2', '0000-00-00'),
(56, '12', 'ver15.020.20042', '2016-11-24'),
(48, '46', 'ver24.0.0.186', '0000-00-00'),
(6, '12', 'ver15.020.20042', '2016-11-07'),
(60, '89', 'ver3.22.2.2', '0000-00-00'),
(43, '30', 'ver2.0.6', '2015-02-03'),
(15, '88', 'ver2.2.4', '0000-00-00'),
(44, '30', 'ver2.1.2', '2016-03-21'),
(28, '22', 'ver4.5.7.6452', '2016-12-04'),
(50, '46', 'ver24.0.0.186', '0000-00-00'),
(69, '9', 'ver5.24', '0000-00-00'),
(70, '90', 'ver5.0.286.0', '2016-11-05'),
(25, '57', 'ver5.2.3.3', '2016-11-23'),
(39, '88', 'ver2.2.4', '0000-00-00'),
(44, '9', 'ver5.24', '0000-00-00'),
(54, '34', 'ver8.0.1120.15', '2016-12-12'),
(14, '7', 'ver2.2.2', '2013-05-16'),
(11, '67', 'ver12.2.5.195', '0000-00-00'),
(27, '62', 'ver6.11.102', '2014-03-05'),
(54, '57', 'ver5.2.3.3', '2016-11-05'),
(20, '39', 'ver0.67', '2016-08-19'),
(55, '86', 'ver2.5.8.0', '2014-02-07'),
(16, '63', 'ver50.1.0', '0000-00-00'),
(26, '2', 'ver4.9', '0000-00-00'),
(49, '2', 'ver4.8', '0000-00-00'),
(2, '63', 'ver50.1.0', '0000-00-00'),
(65, '89', 'ver3.21.0', '0000-00-00'),
(32, '57', 'ver5.2.2.2', '2016-11-03'),
(24, '86', 'ver2.5.8.0', '2014-09-16'),
(4, '89', 'ver3.23.0.2', '0000-00-00'),
(31, '103', 'ver12.3.5', '2016-08-24'),
(74, '88', 'ver2.2.4', '0000-00-00'),
(40, '86', 'ver2.5.8.0', '2014-02-07'),
(45, '81', 'ver2.36', '2016-09-11'),
(66, '42', 'ver2.3.2', '2016-08-25'),
(45, '83', 'ver3.9.141.259', '0000-00-00'),
(60, '90', 'ver5.0.286.0', '2016-11-23'),
(44, '5', 'ver0.53.00.00', '2015-06-24'),
(8, '39', 'ver0.67', '2016-03-21'),
(34, '21', 'ver24.0.0.186', '0000-00-00'),
(25, '81', 'ver2.39', '2016-11-23'),
(11, '53', 'ver11.0.18', '2016-11-03'),
(54, '56', 'ver2.0.0.372', '0000-00-00'),
(47, '102', 'ver16.02', '0000-00-00'),
(66, '86', 'ver2.5.8.0', '2016-05-01'),
(54, '12', 'ver15.020.20042', '2016-11-07'),
(20, '70', 'ver5.1.50901.0', '2016-10-11'),
(71, '89', 'ver3.23.0.2', '0000-00-00'),
(59, '89', 'ver3.23.0.2', '0000-00-00'),
(57, '58', 'ver15.4.3502.0922', '2011-11-15'),
(59, '2', 'ver5.5', '0000-00-00'),
(37, '63', 'ver50.1.0', '0000-00-00'),
(49, '102', 'ver9.10', '0000-00-00'),
(20, '34', 'ver8.0.1120.15', '2016-11-05'),
(55, '75', 'ver5.9.2', '2016-11-07'),
(13, '68', 'ver8.0.2.805', '2016-08-30'),
(62, '22', 'ver4.5.7.6389', '2016-11-06'),
(4, '21', 'ver24.0.0.186', '0000-00-00'),
(9, '105', 'ver1.0.1', '2014-10-28'),
(51, '69', 'ver16.4.3528.0331', '2016-09-01'),
(22, '89', 'ver3.23.0.2', '0000-00-00'),
(49, '53', 'ver10.1.16', '2016-09-26'),
(44, '22', 'ver4.5.7.6452', '2016-12-02'),
(39, '86', 'ver2.5.8.0', '2013-12-02'),
(11, '74', 'ver4.0.12', '2016-11-03'),
(31, '25', 'ver12.0.6612.1000', '2016-12-12'),
(29, '36', 'ver1.2.8.12', '2016-04-25'),
(16, '97', 'ver2.8.18', '2016-08-19'),
(4, '75', 'ver5.9.2', '2016-11-23'),
(39, '42', 'ver2.3.2', '2016-09-08'),
(47, '46', 'ver23.0.0.207', '0000-00-00'),
(28, '39', 'ver0.67', '2016-03-31'),
(54, '87', 'ver55.0.2883.87', '2016-12-12'),
(53, '88', 'ver2.2.2', '0000-00-00'),
(71, '84', 'ver11.0.705.1', '2013-03-21'),
(29, '22', 'ver4.5.7.6321', '2016-09-10'),
(32, '70', 'ver5.1.50901.0', '2016-11-04'),
(20, '22', 'ver4.5.7.6452', '2016-12-05'),
(53, '30', 'ver2.1.2', '2016-04-03'),
(14, '22', 'ver4.5.7.6389', '2016-11-06'),
(53, '63', 'ver45.0.1', '0000-00-00'),
(14, '81', 'ver2.38', '2016-11-06'),
(55, '22', 'ver4.5.7.6389', '2016-11-07'),
(35, '63', 'ver50.0.2', '0000-00-00'),
(23, '94', '', '0000-00-00'),
(13, '57', 'ver5.2.0.4', '2016-08-30'),
(20, '99', 'ver1.2.23', '2014-03-18'),
(21, '7', 'ver2.2.2', '2013-05-20'),
(17, '70', 'ver5.1.50901.0', '2016-10-12'),
(36, '38', 'ver4', '2011-11-15'),
(13, '96', '', '2016-10-21'),
(39, '9', 'ver5.24', '0000-00-00'),
(60, '46', 'ver23.0.0.207', '0000-00-00'),
(71, '42', 'ver2.4.1', '2016-12-06'),
(58, '70', 'ver5.1.50901.0', '2016-10-12'),
(61, '42', 'ver2.4.0', '2016-11-05'),
(14, '103', 'ver12.5.0', '2016-11-06'),
(66, '22', 'ver4.5.7.6321', '2016-09-12'),
(55, '5', '', '0000-00-00'),
(22, '46', 'ver24.0.0.186', '0000-00-00'),
(60, '74', 'ver4.0.12', '2016-11-23'),
(45, '46', 'ver24.0.0.186', '0000-00-00'),
(38, '60', 'ver0.91', '2016-11-23'),
(35, '29', 'ver1.4.20', '2016-05-06'),
(21, '22', 'ver4.5.7.6282', '2016-08-30'),
(38, '89', 'ver3.23.0.2', '0000-00-00'),
(4, '34', 'ver8.0.1120.15', '2016-11-24'),
(42, '55', 'ver15.4.3502.0922', '2011-01-06'),
(25, '68', 'ver8.1.1.1115', '2016-11-23'),
(73, '97', 'ver2.8.18', '2016-08-20'),
(28, '70', 'ver5.1.50901.0', '2016-10-12'),
(15, '5', '', '0000-00-00'),
(71, '75', 'ver5.9.3', '2016-12-06'),
(76, '63', 'ver50.0.2', '0000-00-00'),
(33, '42', 'ver2.4.1', '2016-12-05'),
(42, '102', 'ver9.10', '0000-00-00'),
(53, '81', 'ver2.35', '2016-04-03'),
(15, '75', 'ver5.9.2', '2016-11-05'),
(41, '39', 'ver0.67', '2016-04-10'),
(66, '5', '', '0000-00-00'),
(73, '60', 'ver0.91', '2015-12-13'),
(39, '83', 'ver3.9.141.259', '0000-00-00'),
(52, '42', 'ver2.4.0', '2016-11-06'),
(55, '42', 'ver2.3.2', '2016-09-05'),
(23, '7', 'ver2.2.1', '0000-00-00'),
(36, '69', 'ver16.4.3528.0331', '2016-09-05'),
(76, '88', 'ver2.2.4', '0000-00-00'),
(4, '85', 'ver0.7.6', '2016-11-24'),
(14, '5', 'ver0.53.00.00', '2013-05-16'),
(32, '86', 'ver2.5.8.0', '2016-11-04'),
(22, '23', 'ver1.7.0.210', '2013-04-27'),
(73, '46', 'ver24.0.0.186', '0000-00-00'),
(31, '1', 'ver23.0.0.257', '2016-09-13'),
(29, '92', 'ver2.64.1073', '0000-00-00'),
(38, '67', 'ver12.2.5.195', '0000-00-00'),
(67, '96', '', '2013-11-15'),
(67, '74', 'ver4.0.9', '2016-04-11'),
(15, '67', 'ver12.2.5.195', '0000-00-00'),
(22, '75', 'ver5.9.2', '2016-09-20'),
(65, '57', 'ver5.2.1.2', '2016-09-08'),
(33, '68', 'ver8.0.2.805', '2016-08-30'),
(73, '88', 'ver2.2.4', '0000-00-00'),
(8, '1', 'ver24.0.0.180', '2016-12-13'),
(48, '22', 'ver4.5.7.6321', '2016-09-24'),
(38, '64', 'ver42.0.2393.85', '0000-00-00'),
(28, '60', 'ver0.91', '2015-02-08'),
(38, '39', 'ver0.67', '2016-11-23'),
(8, '42', 'ver2.4.1', '2016-12-05'),
(23, '25', 'ver12.0.6612.1000', '2016-04-13'),
(63, '1', 'ver23.0.0.257', '2016-11-23'),
(55, '88', 'ver2.2.4', '0000-00-00'),
(66, '19', 'ver4.42', '0000-00-00'),
(43, '83', 'ver3.9.141.259', '0000-00-00'),
(43, '89', 'ver3.23.0.2', '0000-00-00'),
(44, '64', 'ver42.0.2393.85', '0000-00-00'),
(19, '46', 'ver23.0.0.207', '0000-00-00'),
(59, '75', 'ver5.9.3', '2016-12-13'),
(40, '46', 'ver23.0.0.207', '0000-00-00'),
(65, '39', 'ver0.67', '2016-09-08'),
(14, '87', 'ver54.0.2840.71', '2016-10-21'),
(43, '22', 'ver4.5.4.5306', '2015-02-03'),
(31, '68', 'ver8.0.2.805', '2016-08-24'),
(24, '102', 'ver16.02', '0000-00-00'),
(44, '74', 'ver4.0.12', '2016-11-12'),
(45, '12', 'ver15.020.20042', '2016-11-07'),
(41, '74', 'ver4.0.10', '2016-08-20'),
(39, '60', 'ver0.91', '2015-02-17'),
(56, '39', 'ver0.67', '2016-11-23'),
(57, '62', 'ver7.28.101', '2016-10-11'),
(59, '68', 'ver8.1.4.1208', '2016-12-13'),
(4, '39', 'ver0.67', '2016-11-23'),
(25, '90', 'ver5.0.286.0', '2016-11-23'),
(62, '39', 'ver0.67', '2016-03-09'),
(11, '24', 'ver24.0.0.186', '0000-00-00'),
(12, '76', 'ver3.0', '0000-00-00'),
(62, '63', 'ver49.0.2', '0000-00-00'),
(3, '21', 'ver24.0.0.186', '0000-00-00'),
(65, '48', 'ver1.32.3889.0961', '2016-12-05'),
(47, '83', 'ver3.9.141.259', '0000-00-00'),
(1, '87', 'ver54.0.2840.99', '2013-01-03'),
(33, '38', 'ver4', '2011-11-27'),
(69, '34', 'ver8.0.1120.15', '2016-10-28'),
(28, '14', 'ver2.14.0', '2014-11-04'),
(70, '14', 'ver2.14.0', '2016-11-05'),
(35, '102', 'ver15.14', '0000-00-00'),
(59, '81', 'ver2.39', '2016-12-13'),
(74, '46', 'ver24.0.0.186', '0000-00-00'),
(25, '19', 'ver4.42', '0000-00-00'),
(32, '68', 'ver8.1.0.1013', '2016-11-03'),
(71, '62', 'ver7.30.105', '2016-11-23'),
(31, '34', 'ver7.0.800', '2016-03-21'),
(41, '34', 'ver8.0.1120.15', '2016-11-16'),
(24, '22', 'ver4.5.7.6321', '2016-09-08'),
(23, '63', 'ver50.0.2', '0000-00-00'),
(73, '19', 'ver4.42', '0000-00-00'),
(34, '86', 'ver2.5.8.0', '2014-08-23'),
(31, '85', 'ver0.5.4', '2012-11-02'),
(39, '55', 'ver16.4.3528.0331', '2016-03-23'),
(29, '9', 'ver5.24', '0000-00-00'),
(63, '12', 'ver15.020.20042', '2016-11-24'),
(28, '28', 'ver7.2.2', '0000-00-00'),
(33, '57', 'ver5.2.0.4', '2016-08-21'),
(13, '49', 'ver7.1.7.2606', '2016-11-05'),
(55, '90', 'ver5.0.223.0', '2016-04-11'),
(45, '23', 'ver8.0.450.14', '2015-06-25'),
(35, '51', '', '2016-04-04'),
(31, '83', 'ver3.9.141.259', '0000-00-00'),
(34, '48', 'ver1.32.3889.0961', '2016-12-05'),
(71, '55', 'ver16.4.3528.0331', '2015-11-10'),
(52, '87', 'ver54.0.2840.99', '2016-11-14'),
(47, '49', 'ver7.1.5.1557', '2016-08-19'),
(24, '74', 'ver4.0.10', '2016-08-24'),
(15, '101', 'ver15.4.22', '0000-00-00'),
(9, '89', 'ver3.23.0.2', '0000-00-00'),
(55, '87', 'ver54.0.2840.99', '2016-11-07'),
(29, '12', 'ver15.020.20042', '2016-11-14'),
(22, '55', 'ver16.4.3528.0331', '2016-03-21'),
(62, '23', 'ver1.7.0.210', '2013-05-16'),
(33, '22', 'ver4.5.7.6282', '2016-08-30'),
(20, '19', 'ver4.42', '0000-00-00'),
(59, '28', 'ver7.2.2', '0000-00-00'),
(61, '22', 'ver4.5.7.6282', '2016-08-19'),
(40, '39', 'ver0.66', '2016-02-07'),
(58, '88', 'ver2.2.4', '0000-00-00'),
(3, '55', 'ver16.4.3528.0331', '2016-12-06'),
(54, '13', 'ver1.16', '0000-00-00'),
(31, '81', 'ver2.36', '2016-06-03'),
(22, '56', 'ver2.0.0.372', '0000-00-00'),
(57, '44', 'ver1.0.0', '0000-00-00'),
(9, '7', 'ver2.2.4', '2016-12-07'),
(61, '36', 'ver1.2.8.12', '2016-04-10'),
(59, '12', 'ver15.020.20042', '2016-11-07'),
(43, '87', 'ver55.0.2883.87', '2016-12-13'),
(35, '103', 'ver12.0.5', '2016-04-03'),
(21, '39', 'ver0.67', '2016-03-07'),
(10, '34', 'ver8.0.1120.15', '2016-11-24'),
(36, '46', 'ver23.0.0.207', '0000-00-00'),
(61, '60', 'ver0.91', '2015-06-25'),
(50, '55', 'ver15.4.3502.0922', '2011-01-06'),
(65, '67', 'ver12.2.4.194', '0000-00-00'),
(2, '84', 'ver10.7.144.0', '2016-10-24'),
(29, '90', 'ver5.0.137.0', '2015-08-30'),
(30, '53', 'ver9.5.5', '2016-09-06'),
(41, '49', 'ver7.1.7.2606', '2016-11-16'),
(16, '81', 'ver2.36', '2016-08-19'),
(50, '62', 'ver7.30.105', '2016-11-25'),
(52, '70', 'ver5.1.50901.0', '2016-10-12'),
(28, '88', 'ver2.2.4', '0000-00-00'),
(16, '85', 'ver0.7.0', '2016-05-03'),
(58, '63', 'ver50.0.2', '0000-00-00'),
(22, '22', 'ver4.5.7.6452', '2016-11-30'),
(60, '67', 'ver12.2.5.195', '0000-00-00'),
(34, '36', 'ver1.2.4.10', '2015-01-17'),
(40, '21', 'ver23.0.0.207', '0000-00-00'),
(17, '55', 'ver16.4.3528.0331', '2016-09-08'),
(67, '85', 'ver0.5.4', '2013-11-16'),
(9, '86', 'ver2.5.8.0', '2014-10-28'),
(11, '44', 'ver2.0.3', '2016-11-04'),
(71, '69', 'ver16.4.3528.0331', '2015-11-10'),
(14, '97', 'ver2.8.18', '2016-08-22'),
(1, '63', 'ver49.0.1', '0000-00-00'),
(20, '1', 'ver24.0.0.180', '2016-12-13'),
(13, '83', 'ver3.9.141.259', '0000-00-00'),
(24, '34', 'ver8.0.1120.15', '2016-11-07'),
(64, '46', 'ver24.0.0.186', '0000-00-00'),
(9, '46', 'ver24.0.0.186', '0000-00-00'),
(72, '34', 'ver8.0.1120.15', '2016-11-07'),
(11, '91', 'ver2.2.2', '2016-11-04'),
(48, '1', 'ver23.0.0.257', '2016-09-24'),
(15, '39', 'ver0.67', '2016-04-10'),
(39, '69', 'ver16.4.3528.0331', '2016-03-23'),
(11, '28', 'ver7.2.2', '0000-00-00'),
(12, '57', 'ver5.2.0.4', '2016-08-19'),
(3, '70', 'ver5.1.50901.0', '2016-10-12'),
(44, '49', 'ver7.1.7.2606', '2016-11-12'),
(29, '48', 'ver1.32.3889.0961', '2016-11-24'),
(44, '89', 'ver3.23.0.2', '0000-00-00'),
(70, '28', 'ver7.2.2', '0000-00-00'),
(45, '29', 'ver1.4.20', '2016-09-11'),
(52, '49', 'ver7.1.7.2606', '2016-11-06'),
(25, '46', 'ver24.0.0.186', '0000-00-00'),
(50, '102', 'ver16.02.00.0', '2016-08-25'),
(43, '21', 'ver24.0.0.186', '0000-00-00'),
(67, '75', 'ver5.9.3', '2016-12-05'),
(65, '19', 'ver4.42', '0000-00-00'),
(25, '89', 'ver3.22.2.2', '0000-00-00'),
(58, '60', 'ver0.91', '2015-02-14'),
(58, '83', 'ver3.9.141.259', '0000-00-00'),
(48, '88', 'ver2.2.4', '0000-00-00'),
(54, '15', 'ver3.0.0', '2016-03-25'),
(14, '29', 'ver1.4.20', '2016-11-06'),
(31, '89', 'ver3.23.0.2', '0000-00-00'),
(27, '21', 'ver23.0.0.205', '0000-00-00'),
(27, '87', 'ver49.0.2623.112', '2015-12-01'),
(22, '1', 'ver24.0.0.180', '2016-12-14'),
(66, '70', 'ver5.1.50901.0', '2016-10-13'),
(54, '89', 'ver3.23.0.2', '0000-00-00'),
(32, '54', 'ver1.5.4', '0000-00-00'),
(23, '73', '', '0000-00-00'),
(53, '68', 'ver7.3.4.311', '2016-04-03'),
(75, '2', 'ver4.6', '0000-00-00'),
(32, '5', 'ver0.53.00.00', '2016-11-04'),
(23, '36', 'ver1.2.4.10', '2015-02-05'),
(11, '59', 'ver451', '0000-00-00'),
(75, '68', 'ver5.1.3.1201', '2012-05-22'),
(60, '21', 'ver23.0.0.207', '0000-00-00'),
(74, '34', 'ver8.0.1120.15', '2016-11-07'),
(43, '64', 'ver42.0.2393.85', '0000-00-00'),
(29, '44', 'ver1.0.0', '0000-00-00'),
(55, '14', 'ver2.14.0', '2015-02-21'),
(17, '44', 'ver1.0.0', '0000-00-00'),
(56, '34', 'ver8.0.1120.15', '2016-11-24'),
(6, '68', 'ver7.2.8.1124', '2015-12-08'),
(68, '69', 'ver16.4.3528.0331', '2016-09-05'),
(40, '64', 'ver41.0.2353.56', '0000-00-00'),
(43, '60', 'ver0.91', '2015-02-03'),
(47, '75', 'ver5.9.1', '2016-08-19'),
(63, '60', 'ver0.91', '2016-11-23'),
(22, '29', 'ver1.4.20', '2016-04-22'),
(60, '39', 'ver0.67', '2016-11-23'),
(56, '1', 'ver24.0.0.180', '2016-12-15'),
(24, '60', 'ver0.91', '2015-02-04'),
(15, '12', 'ver15.020.20042', '2016-11-05'),
(62, '57', 'ver5.2.3.3', '2016-11-06'),
(9, '70', 'ver5.1.50901.0', '2016-10-12'),
(23, '5', '', '0000-00-00'),
(32, '103', 'ver12.5.0', '2016-11-03'),
(21, '14', 'ver2.14.0', '2013-05-20'),
(53, '28', 'ver6.9.1', '0000-00-00'),
(37, '46', 'ver18.0.0.366', '0000-00-00'),
(39, '19', 'ver4.42', '0000-00-00'),
(34, '46', 'ver24.0.0.186', '0000-00-00'),
(53, '83', 'ver3.9.141.259', '0000-00-00'),
(47, '74', 'ver4.0.10', '2016-08-19'),
(73, '28', 'ver7.2.2', '0000-00-00'),
(40, '34', 'ver8.0.1010.13', '2016-08-30'),
(8, '67', 'ver12.2.5.195', '0000-00-00'),
(58, '36', 'ver1.2.4.10', '2015-02-14'),
(12, '78', 'ver3.1.2', '0000-00-00'),
(20, '64', 'ver25.0.1614.50', '0000-00-00'),
(12, '101', 'ver14.4.19', '0000-00-00'),
(21, '85', 'ver0.5.4', '2013-10-05'),
(21, '57', 'ver5.2.0.4', '2016-08-30'),
(20, '75', 'ver5.9.3', '2016-12-05'),
(18, '21', 'ver23.0.0.205', '0000-00-00'),
(60, '48', 'ver1.32.3889.0961', '2016-11-23'),
(47, '30', 'ver2.1.0', '2015-07-24'),
(63, '97', 'ver2.8.18', '2016-11-23'),
(31, '7', 'ver2.2.1', '0000-00-00'),
(9, '81', 'ver2.35', '2016-04-08'),
(47, '39', 'ver0.67', '2016-04-10'),
(15, '74', 'ver4.0.10', '2016-08-19'),
(71, '36', 'ver1.1.9.13', '2014-12-16'),
(22, '97', 'ver2.8.18', '2016-07-31'),
(9, '5', '', '0000-00-00'),
(55, '64', 'ver41.0.2353.69', '0000-00-00'),
(63, '57', 'ver5.2.3.3', '2016-11-23'),
(33, '30', 'ver2.1.2', '2016-04-14'),
(56, '90', 'ver5.0.286.0', '2016-11-23'),
(21, '103', 'ver12.5.0', '2016-11-05'),
(31, '14', 'ver2.14.0', '2013-08-27'),
(58, '102', 'ver16.04.00.0', '2016-12-05'),
(73, '49', 'ver7.1.7.2606', '2016-11-07'),
(41, '5', '', '0000-00-00'),
(40, '79', 'ver4.1', '0000-00-00'),
(33, '48', 'ver1.32.4066.7445', '2016-12-14'),
(4, '63', 'ver50.1.0', '0000-00-00'),
(60, '30', 'ver2.1.2', '2016-11-23'),
(34, '103', 'ver12.5.0', '2016-11-05'),
(8, '60', 'ver0.91', '2015-02-15'),
(52, '64', 'ver41.0.2353.56', '0000-00-00'),
(73, '34', 'ver8.0.1110.14', '2016-10-20'),
(44, '75', 'ver5.9.2', '2016-09-15'),
(54, '90', 'ver5.0.286.0', '2016-11-05'),
(9, '30', 'ver2.1.0', '2015-08-10'),
(26, '46', 'ver24.0.0.186', '0000-00-00'),
(11, '13', 'ver1.16', '0000-00-00'),
(50, '87', 'ver55.0.2883.87', '2016-12-13'),
(15, '19', 'ver4.42', '0000-00-00'),
(47, '63', 'ver50.0.2', '0000-00-00'),
(25, '64', 'ver41.0.2353.69', '0000-00-00'),
(29, '5', 'ver0.53.00.00', '2013-05-20'),
(63, '78', 'ver3.3.1', '2016-11-24'),
(1, '44', 'ver1.0.0', '0000-00-00'),
(2, '68', 'ver8.1.0.1013', '2016-10-21'),
(57, '87', 'ver55.0.2883.87', '2013-04-15'),
(15, '87', 'ver66.208.49239', '2016-12-13'),
(54, '28', 'ver7.2.2', '0000-00-00'),
(21, '76', 'ver3.0', '0000-00-00'),
(26, '63', 'ver50.0.2', '0000-00-00'),
(26, '9', 'ver5.24', '0000-00-00'),
(20, '64', 'ver12.16.1860', '0000-00-00'),
(6, '56', 'ver2.0.0.372', '0000-00-00'),
(54, '75', 'ver5.9.3', '2016-12-12'),
(76, '94', '', '0000-00-00'),
(34, '22', 'ver4.5.7.6282', '2016-08-19'),
(59, '46', 'ver24.0.0.186', '0000-00-00'),
(41, '88', 'ver2.2.4', '0000-00-00'),
(12, '36', 'ver1.2.8.12', '2016-05-03'),
(68, '70', 'ver5.1.50428.0', '2016-09-09'),
(14, '46', 'ver23.0.0.205', '0000-00-00'),
(10, '84', 'ver10.7.144.0', '2016-10-11'),
(22, '5', '', '0000-00-00'),
(11, '64', 'ver42.0.2393.85', '0000-00-00'),
(65, '68', 'ver8.0.2.805', '2016-09-08'),
(59, '1', 'ver24.0.0.180', '2016-12-13'),
(23, '21', 'ver23.0.0.207', '0000-00-00'),
(23, '57', 'ver5.2.0.4', '2016-08-24'),
(70, '81', 'ver2.38', '2016-11-05'),
(14, '90', 'ver5.0.286.0', '2016-11-06'),
(45, '86', 'ver2.5.8.0', '2015-06-25'),
(47, '87', 'ver55.0.2883.75', '2016-12-08'),
(70, '103', 'ver12.5.0', '2016-11-05'),
(8, '87', 'ver55.0.2883.87', '2016-12-13'),
(36, '82', 'ver15.4.3502.0922', '2011-07-21'),
(66, '9', 'ver5.22', '0000-00-00'),
(14, '88', 'ver2.2.4', '0000-00-00'),
(42, '2', 'ver4.6', '0000-00-00'),
(28, '74', 'ver4.0.10', '2016-08-19'),
(60, '34', 'ver8.0.1120.15', '2016-11-24'),
(63, '46', 'ver23.0.0.207', '0000-00-00'),
(67, '39', 'ver0.67', '2016-03-07'),
(71, '67', 'ver12.2.5.195', '0000-00-00'),
(55, '89', 'ver3.22.2.2', '0000-00-00'),
(45, '1', 'ver24.0.0.180', '2016-12-14'),
(56, '30', 'ver2.1.2', '2016-11-23'),
(32, '74', 'ver4.0.12', '2016-11-03'),
(66, '90', 'ver5.0.235.0', '2016-05-12'),
(20, '103', 'ver12.3.5', '2016-08-19'),
(22, '49', 'ver7.1.7.2606', '2016-11-02'),
(35, '42', 'ver2.4.1', '2016-12-02'),
(33, '89', 'ver3.23.0.2', '0000-00-00'),
(56, '57', 'ver5.2.3.3', '2016-11-23'),
(45, '48', 'ver1.32.3889.0961', '2016-11-30'),
(61, '67', 'ver12.2.5.195', '0000-00-00'),
(59, '97', 'ver2.8.18', '2016-08-10'),
(40, '85', 'ver0.5.7', '2014-02-22'),
(70, '74', 'ver4.0.12', '2016-11-05'),
(12, '88', 'ver2.2.4', '0000-00-00'),
(25, '103', 'ver12.6.0', '2016-11-23'),
(14, '63', 'ver49.0.2', '0000-00-00'),
(31, '75', 'ver5.9.3', '2016-12-01'),
(70, '88', 'ver2.2.4', '0000-00-00'),
(76, '75', 'ver5.9.3', '2016-12-04'),
(39, '81', 'ver2.39', '2016-12-13'),
(25, '102', 'ver16.04', '0000-00-00'),
(28, '19', 'ver4.42', '0000-00-00'),
(8, '103', 'ver12.1.0', '2016-04-25'),
(67, '63', 'ver50.1.0', '0000-00-00'),
(4, '90', 'ver5.0.286.0', '2016-11-23'),
(38, '85', 'ver0.7.6', '2016-11-24'),
(21, '60', 'ver0.91', '2016-08-30'),
(54, '69', 'ver16.4.3528.0331', '2014-07-25'),
(6, '102', 'ver16.03.00.0', '2016-09-30'),
(41, '28', 'ver7.2.2', '0000-00-00'),
(70, '67', 'ver12.2.5.195', '0000-00-00'),
(9, '42', 'ver2.4.1', '2016-12-05'),
(7, '63', 'ver50.1.0', '0000-00-00'),
(51, '9', 'ver5.22', '0000-00-00'),
(31, '90', 'ver5.0.268.0', '2016-08-24'),
(37, '88', 'ver2.2.4', '0000-00-00'),
(44, '83', 'ver3.9.141.259', '0000-00-00'),
(42, '88', 'ver2.0.3', '0000-00-00'),
(21, '74', 'ver4.0.10', '2016-08-30'),
(33, '34', 'ver8.0.1120.15', '2016-12-05'),
(12, '89', 'ver3.22.2.2', '0000-00-00'),
(62, '30', 'ver2.0.6', '2014-11-19'),
(60, '29', 'ver1.4.20', '2016-11-24'),
(46, '21', 'ver23.0.0.207', '0000-00-00'),
(38, '81', 'ver2.39', '2016-11-23'),
(11, '5', 'ver0.53.00.00', '2016-11-04'),
(47, '38', 'ver4', '2014-02-12'),
(21, '81', 'ver2.36', '2016-05-09'),
(45, '30', 'ver2.1.2', '2016-04-12'),
(67, '102', 'ver16.04.00.0', '2016-12-05'),
(61, '28', 'ver7.2', '0000-00-00'),
(57, '88', 'ver1.1.11', '0000-00-00'),
(43, '49', 'ver7.1.7.2606', '2016-11-07'),
(37, '53', 'ver11.0.16', '2016-08-23'),
(67, '68', 'ver8.0.2.805', '2016-08-21'),
(33, '103', 'ver12.3.5', '2016-08-21'),
(32, '97', 'ver2.8.18', '2016-11-03'),
(75, '21', 'ver23.0.0.205', '0000-00-00'),
(62, '97', 'ver2.8.18', '2016-08-22'),
(55, '97', 'ver2.8.18', '2016-09-05'),
(12, '102', 'ver16.04.00.0', '2016-11-05'),
(5, '90', 'ver4.0.15.0', '2016-03-09'),
(43, '48', 'ver1.32.3889.0961', '2016-11-22'),
(24, '49', 'ver7.1.7.2600', '2016-09-08'),
(56, '68', 'ver8.1.1.1115', '2016-11-23'),
(67, '21', 'ver24.0.0.186', '0000-00-00'),
(73, '86', 'ver2.5.8.0', '2014-02-07'),
(68, '84', 'ver10.7.144.0', '2012-10-12'),
(52, '9', 'ver5.23', '0000-00-00'),
(52, '86', 'ver2.5.8.0', '2015-06-25'),
(20, '87', 'ver55.0.2883.87', '2016-12-12'),
(8, '75', 'ver5.9.3', '2016-12-01'),
(41, '60', 'ver0.91', '2015-05-25'),
(4, '57', 'ver5.2.3.3', '2016-11-23'),
(45, '87', 'ver55.0.2883.87', '2016-12-14'),
(50, '21', 'ver24.0.0.186', '0000-00-00'),
(67, '42', 'ver2.4.1', '2016-12-05'),
(48, '67', 'ver12.2.5.195', '0000-00-00'),
(54, '19', 'ver4.42', '0000-00-00'),
(65, '1', 'ver22.0.0.153', '2016-09-08'),
(12, '7', 'ver2.2.1', '0000-00-00'),
(6, '2', 'ver5.5', '0000-00-00'),
(29, '34', 'ver7.0.750', '2015-02-18'),
(51, '88', 'ver2.2.4', '0000-00-00'),
(20, '60', 'ver0.91', '2015-02-09'),
(28, '102', 'ver16.04.00.0', '2016-11-05'),
(32, '1', 'ver23.0.0.257', '2016-11-03'),
(41, '86', 'ver2.5.8.0', '2014-11-24'),
(56, '28', 'ver7.2.2', '0000-00-00'),
(45, '57', 'ver5.2.1.2', '2016-09-11'),
(32, '29', 'ver1.4.20', '2016-11-03'),
(31, '74', 'ver4.0.10', '2016-08-24'),
(41, '67', 'ver12.2.5.195', '0000-00-00'),
(59, '83', 'ver3.9.141.259', '0000-00-00'),
(54, '86', 'ver2.5.8.0', '2014-04-02'),
(20, '48', 'ver1.32.4066.7445', '2016-12-12'),
(31, '96', '', '2012-11-02'),
(55, '68', 'ver7.3.4.311', '2016-04-11'),
(29, '76', 'ver3.0', '0000-00-00'),
(20, '78', 'ver3.2.2', '0000-00-00'),
(48, '63', 'ver50.0.2', '0000-00-00'),
(61, '5', 'ver0.53.00.00', '2015-06-25'),
(66, '75', 'ver5.9.2', '2016-09-23'),
(57, '34', 'ver7.0.800', '2016-10-05'),
(66, '81', 'ver2.35', '2016-05-01'),
(68, '21', 'ver24.0.0.186', '0000-00-00'),
(64, '2', 'ver5.5', '0000-00-00'),
(74, '102', 'ver16.04.00.0', '2016-11-07'),
(20, '62', 'ver7.30.105', '2016-11-23'),
(24, '36', 'ver1.2.4.10', '2015-02-04'),
(31, '49', 'ver7.1.7.2606', '2016-11-07'),
(23, '74', 'ver4.0.10', '2016-08-24'),
(29, '87', 'ver54.0.2840.71', '2016-10-21'),
(38, '88', 'ver2.2.4', '0000-00-00'),
(24, '97', 'ver2.8.18', '2016-08-03'),
(14, '74', 'ver4.0.12', '2016-11-06'),
(20, '89', 'ver3.23.0.2', '0000-00-00'),
(14, '83', 'ver3.9.141.259', '0000-00-00'),
(61, '63', 'ver49.0.2', '0000-00-00'),
(13, '42', 'ver2.4.1', '2016-12-06'),
(34, '44', 'ver1.0.0', '0000-00-00'),
(28, '21', 'ver23.0.0.207', '0000-00-00'),
(63, '85', 'ver0.7.6', '2016-11-24'),
(22, '39', 'ver0.67', '2016-03-23'),
(24, '30', 'ver2.1.2', '2016-08-24'),
(26, '88', 'ver2.2.4', '0000-00-00'),
(28, '30', 'ver2.1.2', '2016-04-05'),
(12, '19', 'ver4.42', '0000-00-00'),
(13, '29', 'ver1.4.20', '2016-05-17'),
(13, '89', 'ver3.22.2.2', '0000-00-00'),
(22, '60', 'ver0.91', '2015-02-05'),
(64, '63', 'ver50.1.0', '0000-00-00'),
(68, '55', 'ver16.4.3528.0331', '2016-09-05'),
(71, '57', 'ver5.2.0.4', '2016-08-19'),
(43, '12', 'ver15.020.20042', '2016-11-07'),
(11, '87', 'ver55.0.2883.87', '2016-12-14'),
(24, '29', 'ver1.4.20', '2016-04-27'),
(25, '42', 'ver2.4.1', '2016-11-23'),
(8, '83', 'ver3.9.141.259', '0000-00-00'),
(20, '96', '', '2014-08-19'),
(11, '22', 'ver4.5.7.6389', '2016-11-04'),
(38, '19', 'ver4.42', '0000-00-00'),
(40, '70', 'ver5.1.50901.0', '2016-10-17'),
(14, '42', 'ver2.4.0', '2016-11-06'),
(12, '85', 'ver0.5.4', '2012-11-02'),
(69, '102', 'ver9.10', '0000-00-00'),
(76, '49', 'ver7.1.7.2606', '2016-11-06'),
(33, '86', 'ver2.5.8.0', '2014-08-28'),
(47, '9', 'ver5.21', '0000-00-00'),
(11, '75', 'ver5.9.3', '2016-12-09'),
(32, '63', 'ver50.0.2', '0000-00-00'),
(38, '46', 'ver24.0.0.186', '0000-00-00'),
(42, '55', 'ver15.4.3508.1109', '0000-00-00'),
(62, '94', '', '0000-00-00'),
(57, '57', 'ver5.1.6.2', '2016-11-09'),
(28, '12', 'ver15.020.20042', '2016-11-05'),
(62, '14', 'ver2.14.0', '2013-05-16'),
(1, '12', 'ver15.020.20042', '2016-11-22'),
(38, '12', 'ver15.020.20042', '2016-11-24'),
(61, '90', 'ver5.0.286.0', '2016-11-05'),
(61, '102', 'ver16.02', '0000-00-00'),
(31, '64', 'ver12.16.1860', '0000-00-00'),
(15, '1', 'ver24.0.0.180', '2016-12-14'),
(55, '96', '', '2014-08-23'),
(43, '29', 'ver1.4.20', '2016-04-25'),
(35, '70', 'ver5.1.50901.0', '2016-10-12'),
(31, '34', 'ver8.0.1120.15', '2016-11-07'),
(53, '42', 'ver2.3.0', '2016-04-03'),
(32, '67', 'ver12.2.5.195', '0000-00-00'),
(28, '67', 'ver12.2.5.195', '0000-00-00'),
(19, '70', 'ver5.1.50901.0', '2016-10-12'),
(76, '42', 'ver2.4.1', '2016-12-04'),
(48, '89', 'ver3.22.1', '0000-00-00'),
(55, '63', 'ver50.0', '0000-00-00'),
(29, '60', 'ver0.91', '2016-06-13'),
(30, '63', 'ver50.1.0', '0000-00-00'),
(29, '14', 'ver2.14.0', '2013-05-20'),
(12, '97', 'ver2.8.18', '2016-08-19'),
(21, '87', 'ver54.0.2840.87', '2016-11-05'),
(22, '64', 'ver12.16.1860', '0000-00-00'),
(6, '21', 'ver24.0.0.186', '0000-00-00'),
(16, '22', 'ver4.5.7.6452', '2016-11-30'),
(65, '64', 'ver41.0.2353.69', '0000-00-00'),
(8, '12', 'ver15.020.20042', '2016-11-07'),
(62, '23', 'ver8.0.250.18', '2014-11-19'),
(58, '68', 'ver8.0.2.805', '2016-09-02'),
(40, '9', 'ver5.16', '0000-00-00'),
(44, '103', 'ver12.5.5', '2016-11-12'),
(37, '9', 'ver5.24', '0000-00-00'),
(29, '78', 'ver3.2.2', '0000-00-00'),
(54, '20', 'ver2.77.0', '2016-03-25'),
(21, '12', 'ver15.020.20042', '2016-11-05'),
(43, '67', 'ver12.2.5.195', '0000-00-00'),
(69, '102', 'ver16.04.00.0', '2016-10-28'),
(12, '30', 'ver2.1.2', '2016-04-07'),
(14, '1', 'ver23.0.0.257', '2016-09-21'),
(7, '30', 'ver2.1.0', '2015-04-01'),
(31, '39', 'ver0.67', '2016-03-07'),
(60, '81', 'ver2.39', '2016-11-23'),
(59, '60', 'ver0.91', '2015-09-12'),
(56, '96', '', '2016-11-23'),
(15, '46', 'ver24.0.0.186', '0000-00-00'),
(20, '97', 'ver2.8.18', '2016-08-19'),
(25, '9', 'ver5.24', '0000-00-00'),
(51, '27', 'ver6.7.0', '2011-08-09'),
(54, '23', 'ver8.0.600.27', '2015-08-25'),
(35, '90', 'ver5.0.214.0', '2016-04-06'),
(65, '42', 'ver2.3.2', '2016-09-08'),
(9, '103', 'ver12.0.5', '2016-04-08'),
(21, '68', 'ver8.1.0.1013', '2016-11-05'),
(35, '102', 'ver16.04.00.0', '2016-11-07'),
(35, '96', '', '2016-04-06'),
(62, '9', 'ver5.22', '0000-00-00'),
(15, '68', 'ver8.0.2.805', '2016-08-19'),
(57, '63', 'ver49.0.2', '0000-00-00'),
(7, '68', 'ver6.1.4.217', '2014-04-04'),
(15, '83', 'ver3.9.141.259', '0000-00-00'),
(34, '75', 'ver5.9.3', '2016-12-05'),
(57, '21', 'ver24.0.0.186', '0000-00-00'),
(60, '97', 'ver2.8.18', '2016-11-23'),
(57, '90', 'ver4.4.19.0', '2014-03-12'),
(11, '85', 'ver0.7.6', '2016-11-04'),
(7, '34', 'ver8.0.1110.14', '2016-10-20'),
(31, '46', 'ver23.0.0.207', '0000-00-00'),
(53, '75', 'ver5.7.7', '2016-04-03'),
(15, '49', 'ver7.1.7.2606', '2016-11-05'),
(40, '90', 'ver5.0.271.0', '2016-08-30'),
(29, '81', 'ver2.36', '2016-09-10'),
(42, '48', 'ver1.32.3889.0961', '2016-12-02'),
(33, '74', 'ver4.0.10', '2016-08-30'),
(5, '34', 'ver8.0.1010.13', '2016-09-21'),
(70, '89', 'ver3.23.0.2', '0000-00-00'),
(39, '1', 'ver24.0.0.180', '2016-12-14'),
(54, '74', 'ver4.0.12', '2016-11-05'),
(67, '60', 'ver0.91', '2015-02-14'),
(23, '64', 'ver12.16.1860', '0000-00-00'),
(40, '48', 'ver1.32.3592.6117', '2016-11-11'),
(28, '63', 'ver50.0.2', '0000-00-00'),
(53, '67', 'ver12.2.4.194', '0000-00-00'),
(8, '19', 'ver4.42', '0000-00-00'),
(38, '74', 'ver4.0.12', '2016-11-23'),
(39, '103', 'ver12.7.0', '2016-12-13'),
(14, '94', '', '0000-00-00'),
(66, '63', 'ver50.0.2', '0000-00-00'),
(20, '67', 'ver12.2.5.195', '0000-00-00'),
(15, '63', 'ver50.1.0', '0000-00-00'),
(70, '57', 'ver5.2.3.3', '2016-11-05'),
(23, '9', 'ver5.18', '0000-00-00'),
(29, '22', 'ver4.5.7.6389', '2016-11-21'),
(29, '88', 'ver2.2.4', '0000-00-00'),
(58, '5', '', '0000-00-00'),
(30, '21', 'ver23.0.0.205', '0000-00-00'),
(61, '103', 'ver12.5.0', '2016-11-05'),
(21, '102', 'ver16.04.00.0', '2016-11-05'),
(70, '49', 'ver7.1.7.2606', '2016-10-31'),
(59, '14', 'ver2.14.0', '2015-09-12'),
(36, '57', 'ver5.1.6.2', '2016-11-16'),
(9, '14', 'ver2.14.0', '2014-10-28'),
(39, '29', 'ver1.4.20', '2016-04-25'),
(21, '90', 'ver5.0.271.0', '2016-08-30'),
(56, '29', 'ver1.4.20', '2016-11-24'),
(29, '57', 'ver5.2.1.2', '2016-09-10'),
(54, '63', 'ver50.0.2', '0000-00-00'),
(25, '28', 'ver7.2.1', '0000-00-00'),
(9, '23', 'ver8.0.250.18', '2014-10-28'),
(29, '39', 'ver0.67', '2016-03-08'),
(31, '63', 'ver50.0.2', '0000-00-00'),
(22, '65', 'ver4.9.9.2', '0000-00-00'),
(47, '70', 'ver5.1.50901.0', '2016-10-14'),
(32, '49', 'ver7.1.7.2606', '2016-11-04'),
(4, '29', 'ver1.4.20', '2016-11-24'),
(73, '103', 'ver12.3.5', '2016-08-20'),
(11, '11', 'ver4.94', '0000-00-00'),
(71, '19', 'ver4.42', '0000-00-00'),
(12, '102', 'ver15.14', '0000-00-00'),
(28, '97', 'ver2.8.18', '2016-08-19'),
(41, '12', 'ver15.020.20042', '2016-11-07'),
(63, '75', 'ver5.9.2', '2016-11-23'),
(16, '28', 'ver7.2.2', '0000-00-00'),
(32, '59', 'ver255', '2016-11-04'),
(33, '75', 'ver5.9.3', '2016-12-05'),
(69, '63', 'ver50.1.0', '0000-00-00'),
(25, '30', 'ver2.1.2', '2016-11-23'),
(40, '49', 'ver7.1.7.2606', '2016-11-24'),
(41, '22', 'ver4.5.7.6452', '2016-12-05'),
(33, '49', 'ver7.1.7.2606', '2016-11-28'),
(67, '19', 'ver4.42', '0000-00-00'),
(13, '19', 'ver4.42', '0000-00-00'),
(8, '76', 'ver3.0', '0000-00-00'),
(62, '7', 'ver2.2.2', '2013-05-16'),
(15, '57', 'ver5.2.2.2', '2016-11-05'),
(58, '86', 'ver2.5.8.0', '2014-06-21'),
(12, '64', 'ver41.0.2353.69', '0000-00-00'),
(11, '14', 'ver2.14.0', '2016-11-04'),
(8, '81', 'ver2.35', '2016-03-21'),
(35, '64', 'ver41.0.2353.69', '0000-00-00'),
(57, '90', 'ver5.0.57.0', '2015-01-26'),
(72, '46', 'ver24.0.0.186', '0000-00-00'),
(60, '87', 'ver54.0.2840.99', '2016-11-23'),
(70, '9', 'ver5.24', '0000-00-00'),
(10, '2', 'ver5.9', '0000-00-00'),
(62, '36', 'ver1.2.8.12', '2015-12-14'),
(41, '89', 'ver3.23.0.2', '0000-00-00'),
(34, '81', 'ver2.38', '2016-11-05'),
(9, '96', '', '2014-10-28'),
(52, '68', 'ver8.1.0.1013', '2016-11-06'),
(13, '34', 'ver8.0.1120.15', '2016-11-05'),
(41, '46', 'ver23.0.0.207', '0000-00-00'),
(22, '102', 'ver16.02', '0000-00-00'),
(22, '81', 'ver2.36', '2016-08-19'),
(43, '74', 'ver4.0.9', '2016-04-11'),
(34, '30', 'ver2.1.2', '2016-04-10'),
(4, '87', 'ver66.208.49239', '2016-12-14'),
(32, '95', 'ver14.0.23107', '2016-11-03'),
(58, '64', 'ver41.0.2353.69', '0000-00-00'),
(44, '60', 'ver0.91', '2015-06-24'),
(32, '102', 'ver16.04', '0000-00-00'),
(45, '70', 'ver5.1.50901.0', '2016-10-12'),
(68, '62', 'ver7.27.101', '2016-09-05'),
(12, '42', 'ver2.4.1', '2016-12-05'),
(53, '57', 'ver5.1.1.3', '2016-04-03'),
(70, '5', '', '0000-00-00'),
(9, '12', 'ver15.020.20042', '2016-11-07'),
(69, '12', 'ver15.020.20042', '2016-11-07'),
(18, '22', 'ver4.2.7.1893', '2010-02-26'),
(43, '75', 'ver5.9.2', '2016-09-15'),
(13, '87', 'ver54.0.2840.99', '2016-11-11'),
(39, '20', 'ver2.68a', '0000-00-00'),
(49, '55', 'ver15.4.3508.1109', '0000-00-00'),
(12, '25', 'ver12.0.6612.1000', '2016-12-05'),
(21, '86', 'ver2.5.8.0', '2014-08-30'),
(76, '90', 'ver5.0.229.0', '2016-04-25'),
(62, '49', 'ver7.1.7.2606', '2016-11-06'),
(33, '12', 'ver15.020.20042', '2016-11-07'),
(66, '87', 'ver66.208.49227', '2016-12-08'),
(73, '9', 'ver5.22', '0000-00-00'),
(13, '103', 'ver12.3.5', '2016-08-30'),
(31, '19', 'ver4.42', '0000-00-00'),
(40, '5', '', '0000-00-00'),
(6, '102', 'ver9.22', '0000-00-00'),
(61, '88', 'ver2.2.4', '0000-00-00');

-- --------------------------------------------------------

--
-- Tábla szerkezet ehhez a táblához `users`
--

CREATE TABLE `users` (
  `id` int(11) NOT NULL,
  `id_old` int(11) NOT NULL,
  `name` varchar(255) NOT NULL,
  `email` varchar(255) NOT NULL,
  `password` varchar(255) NOT NULL,
  `created_at` datetime NOT NULL DEFAULT CURRENT_TIMESTAMP,
  `last_name` varchar(50) NOT NULL,
  `first_name` varchar(50) NOT NULL
) ENGINE=InnoDB DEFAULT CHARSET=utf8mb4;

--
-- A tábla adatainak kiíratása `users`
--

INSERT INTO `users` (`id`, `id_old`, `name`, `email`, `password`, `created_at`, `last_name`, `first_name`) VALUES
(1, 0, 'teszt', 'teszt@teszt.hu', '$2y$10$YdDdVpNrXfzW7xqAWElh.uzlwwCrf8VVE8RY2tpR.So/y6vHGraey', '2023-10-15 17:51:05', 'Teszt', 'Elek'),
(2, 0, 'opel', 'schillerviktor.nemlopott@gmail.com', '$2y$10$HTxt09qioRKlO8uw1BoyAOJ5Ys28yj2Kv4puKba1rQ8k5KAtR2FKu', '2023-10-15 18:20:58', 'Schiller', 'Viktor'),
(3, 0, 'mdf_test+1', 'mdavidferka+test1@gmail.com', '$2y$10$Ky.8jerCLh1A93t.oVlclOl1z9iW7oBxrtEhAkGdumYsfEliMnleK', '2023-10-15 21:27:25', 'mdf', 'mdf'),
(4, 0, 'mdf_test+2', 'mdavidferka+test2@gmail.com', '$2y$10$1RNvQgc8G5CjbHFxI0hYCupDPwJHsTcsh6Dsv7SmWAkvS.WteTpyu', '2023-10-15 21:29:19', 'mdf', 'mdf'),
(5, 0, 'opel', 'schillerviktor@yahoo.com', '$2y$10$l0zc9YUoOEROs/JSo5KB9e9n6FTTZ/grUOBrFFucTIT3m4NoquIX2', '2023-10-15 21:54:37', 'Schiller', 'Viktor');

--
-- Indexek a kiírt táblákhoz
--

--
-- A tábla indexei `users`
--
ALTER TABLE `users`
  ADD PRIMARY KEY (`id`);

--
-- A kiírt táblák AUTO_INCREMENT értéke
--

--
-- AUTO_INCREMENT a táblához `users`
--
ALTER TABLE `users`
  MODIFY `id` int(11) NOT NULL AUTO_INCREMENT, AUTO_INCREMENT=6;
COMMIT;

/*!40101 SET CHARACTER_SET_CLIENT=@OLD_CHARACTER_SET_CLIENT */;
/*!40101 SET CHARACTER_SET_RESULTS=@OLD_CHARACTER_SET_RESULTS */;
/*!40101 SET COLLATION_CONNECTION=@OLD_COLLATION_CONNECTION */;
